"index","state","company","position"
"0","CA","23andMe","17"
"1","CA","24 Hour Fitness","1"
"2","CA","3D Systems","1"
"3","CA","6sense","1"
"4","CA","7Cups","1"
"5","CA","A2e Technologies","1"
"6","CA","ACADIA Pharmaceuticals Inc.","1"
"7","CA","AECOM","1"
"8","CA","AI/IoT/Blockchain NewCo","1"
"9","CA","ALTA DEVICES INC","2"
"10","CA","APEXIGEN, INC.","1"
"11","CA","ARYZTA Careers","1"
"12","CA","ASML","12"
"13","CA","AXS Group LLC","1"
"14","CA","AbbVie","4"
"15","CA","Abbott Laboratories","2"
"16","CA","Abcam","1"
"17","CA","Academia.edu","1"
"18","CA","Accelrys, Inc.","3"
"19","CA","Accenture","7"
"20","CA","Acumen LLC","2"
"21","CA","Adecco","1"
"22","CA","Adobe","5"
"23","CA","Aduro Biotech","1"
"24","CA","Advanced Technical Resources Inc.","2"
"25","CA","Aera Technology","3"
"26","CA","Affirm","2"
"27","CA","Affymetrix","1"
"28","CA","AgeX Therapeutics, Inc.","1"
"29","CA","Ahrefs","1"
"30","CA","Ahtna Environmental Inc","1"
"31","CA","Airbnb","1"
"32","CA","Aki Technologies","1"
"33","CA","Alchemy Legal","1"
"34","CA","Alcock & McFadden","2"
"35","CA","Alere","1"
"36","CA","Alexza Pharmaceuticals","1"
"37","CA","Alibaba","2"
"38","CA","Alion Science and Technology","1"
"39","CA","All-In Analytics","1"
"40","CA","AllianceData","1"
"41","CA","Allstate","4"
"42","CA","Amazon.com","42"
"43","CA","American Century Investments","2"
"44","CA","American Council on Exercise","1"
"45","CA","Amgen","1"
"46","CA","Amobee","1"
"47","CA","Amyris, Inc.","2"
"48","CA","Analytic Recruiting","1"
"49","CA","Analytics Associates","1"
"50","CA","Angle Technologies","1"
"51","CA","Anton Paar","1"
"52","CA","Apex Life Sciences","1"
"53","CA","Apixio","3"
"54","CA","Apple","4"
"55","CA","ArcherDX, INC.","1"
"56","CA","Arcturus Therapeutics","1"
"57","CA","Arosys","1"
"58","CA","Ascent Services Group","1"
"59","CA","Asian Americans Advancing Justice - Los Angeles","1"
"60","CA","Ask Media Group","2"
"61","CA","Assembly","1"
"62","CA","AstraZeneca","2"
"63","CA","Atlassian","1"
"64","CA","Atreca","5"
"65","CA","AutoGrid Systems","1"
"66","CA","Autodesk","13"
"67","CA","Automattic Inc.","2"
"68","CA","Avenue Code","1"
"69","CA","Axiom Exergy Inc","2"
"70","CA","BAE Systems","2"
"71","CA","BICP","3"
"72","CA","BNY Mellon","3"
"73","CA","BOLD","2"
"74","CA","Baidu USA","6"
"75","CA","Bank of America","1"
"76","CA","Bayside Solutions","1"
"77","CA","Benchling","1"
"78","CA","Berkeley Lights, Inc.","3"
"79","CA","BetterUp","5"
"80","CA","Bind Benefits","1"
"81","CA","BioDuro","2"
"82","CA","BioMarin","13"
"83","CA","BioMarin Pharmaceutical Inc.","1"
"84","CA","BioPhase Solutions","6"
"85","CA","Biocept, Inc.","1"
"86","CA","Biolegend","5"
"87","CA","Biomatrica, Inc.","1"
"88","CA","Bionano Genomics","2"
"89","CA","Bioverativ Therapeutics Inc","1"
"90","CA","BlackThorn Therapeutics","1"
"91","CA","BloomReach","1"
"92","CA","Blue Bottle Coffee","1"
"93","CA","Blue Owl","2"
"94","CA","Blue River Technology","1"
"95","CA","Bluestar Genomics","1"
"96","CA","Bold Metrics","1"
"97","CA","Bolt Threads","1"
"98","CA","Bosch Group","3"
"99","CA","Brain Corporation","3"
"100","CA","BrainWorks","1"
"101","CA","BrightBytes","2"
"102","CA","Brighterion","1"
"103","CA","Brightidea","1"
"104","CA","Bristol-Myers Squibb","10"
"105","CA","Bureau Veritas","1"
"106","CA","Burns & McDonnell","1"
"107","CA","BuzzFeed","8"
"108","CA","C3 IoT","2"
"109","CA","CA Technologies","2"
"110","CA","CBRE","2"
"111","CA","CDK Global","2"
"112","CA","CableLabs","1"
"113","CA","California Rehabilitation Institute","1"
"114","CA","California State University","2"
"115","CA","Calithera Biosciences","1"
"116","CA","Camden Kelly Corporation","1"
"117","CA","Capella Space","1"
"118","CA","Capital Group","1"
"119","CA","Capital One","1"
"120","CA","Captricity","1"
"121","CA","Carbon3D","2"
"122","CA","Cardinal Health","1"
"123","CA","Career Movement","1"
"124","CA","Castle Global","2"
"125","CA","Castlight Health","2"
"126","CA","Cedars-Sinai","24"
"127","CA","Cedars-Sinai Medical Center","8"
"128","CA","Celgene Corporation","15"
"129","CA","Celldom","1"
"130","CA","Celtra Inc.","1"
"131","CA","Center for Sustainable Energy","1"
"132","CA","Cepheid","2"
"133","CA","Chan Zuckerberg Biohub","4"
"134","CA","Change Healthcare","2"
"135","CA","Change.org","1"
"136","CA","Charles River Laboratories","2"
"137","CA","Charles Schwab","1"
"138","CA","Chartboost","1"
"139","CA","Chegg","1"
"140","CA","Children's Hospital & Research Center Oakland","1"
"141","CA","Children's Hospital Los Angeles","1"
"142","CA","Chronus Health","2"
"143","CA","Chubbies, Inc.","1"
"144","CA","Cibus","1"
"145","CA","Cibus US LLC","1"
"146","CA","Circle","1"
"147","CA","Circle Internet Financial","1"
"148","CA","CircleUp","3"
"149","CA","Cisco","2"
"150","CA","Cisco Meraki","1"
"151","CA","City & County of San Francisco","2"
"152","CA","City National Bank","2"
"153","CA","Clara","1"
"154","CA","Clari","2"
"155","CA","Clarifai","1"
"156","CA","Clarity Insights","1"
"157","CA","Clarivate Analytics","4"
"158","CA","Classy","1"
"159","CA","Clear Story Data","1"
"160","CA","Cloudflare","1"
"161","CA","Clover Health","2"
"162","CA","Clusterone","1"
"163","CA","Coalition","1"
"164","CA","Cobalt Robotics","1"
"165","CA","Coffee Meets Bagel","1"
"166","CA","Cogent Professionals","1"
"167","CA","Cogitativo","1"
"168","CA","Coherent Germany","1"
"169","CA","Coherent, Inc.","1"
"170","CA","College of Marin","1"
"171","CA","Color Genomics","3"
"172","CA","Comcast","1"
"173","CA","Compass Tech International","2"
"174","CA","Comtech Global Inc","1"
"175","CA","Connection Lab","1"
"176","CA","Connexion Systems & Engineering","1"
"177","CA","Conversion Logic","6"
"178","CA","Conviva","1"
"179","CA","CooperSurgical","1"
"180","CA","CoreLogic","1"
"181","CA","Corning","1"
"182","CA","Counsyl","6"
"183","CA","Coupa Software","1"
"184","CA","Coupang","3"
"185","CA","Coupang(TECH)","2"
"186","CA","Course Hero","2"
"187","CA","Coursera","5"
"188","CA","Cox Enterprises","1"
"189","CA","Credit Karma","5"
"190","CA","Crossfire","1"
"191","CA","Crunch Data","1"
"192","CA","Crystal Dynamics","1"
"193","CA","Cushman & Wakefield","1"
"194","CA","CyberCube Analytics","1"
"195","CA","Cymer","32"
"196","CA","Cytobank Inc.","1"
"197","CA","CytomX Therapeutics, Inc.","3"
"198","CA","D&K Engineering","1"
"199","CA","DCS Corp","1"
"200","CA","DNAnexus","3"
"201","CA","DONOR NETWORK WEST","1"
"202","CA","DRS Technologies","1"
"203","CA","Daimler","1"
"204","CA","Dassault SystĂšmes","1"
"205","CA","DataVisor","2"
"206","CA","Databricks","1"
"207","CA","Dealmoon","1"
"208","CA","DeepCurrent Technologies, Inc.","1"
"209","CA","DeepMind","1"
"210","CA","DeepScale","1"
"211","CA","Demandbase","2"
"212","CA","Denali","7"
"213","CA","Department of the Navy","1"
"214","CA","Deuro","2"
"215","CA","Deutsch","1"
"216","CA","Dexcom","2"
"217","CA","DiDi Labs","4"
"218","CA","Diazyme","1"
"219","CA","Digit","1"
"220","CA","DigitasLBi","1"
"221","CA","Dimension Therapeutics","1"
"222","CA","Discord","1"
"223","CA","Divergent 3D","1"
"224","CA","DocuSign","1"
"225","CA","Doximity","4"
"226","CA","Dremio","9"
"227","CA","Dropbox","2"
"228","CA","DuPont","2"
"229","CA","Dynavax Technologies","1"
"230","CA","EXPERIAN","1"
"231","CA","Egnyte, Inc.","1"
"232","CA","Electronic Arts","6"
"233","CA","Elevate","2"
"234","CA","Eli Lilly","3"
"235","CA","Elsevier","2"
"236","CA","Encodia","6"
"237","CA","Energy Solutions","2"
"238","CA","Engage Partners","1"
"239","CA","Engility","2"
"240","CA","Engine Biosciences","1"
"241","CA","Enlighted","1"
"242","CA","Enovity","1"
"243","CA","Enquero, Inc","1"
"244","CA","Environmental Defense Fund","3"
"245","CA","Environmental Risk Services Corporation","1"
"246","CA","Epic Bio","1"
"247","CA","Epic Creations","1"
"248","CA","Epic Sciences","1"
"249","CA","Epsilon","2"
"250","CA","Esurance","3"
"251","CA","Eurofins DiscoverX Corporation","1"
"252","CA","Eurofins Lancaster Laboratories Professional Scientific Services, LLC","1"
"253","CA","Eurofins VRL, Inc.","1"
"254","CA","Evalueserve","1"
"255","CA","Eventbrite","1"
"256","CA","Evidation Health","1"
"257","CA","ExThera Medical Corporation","1"
"258","CA","Exelixis Inc.","3"
"259","CA","Exponent","10"
"260","CA","FICO","6"
"261","CA","FLX Bio, Inc.","1"
"262","CA","FMG Suite","1"
"263","CA","FabFitFun","1"
"264","CA","Facebook","2"
"265","CA","Facility Management Planners, Inc","1"
"266","CA","Factspan Inc","1"
"267","CA","Factual","1"
"268","CA","Fair Trade USA","1"
"269","CA","Fanatics Inc.","3"
"270","CA","Farmer's Business Network, Inc.","1"
"271","CA","Feasible","1"
"272","CA","Feedzai","3"
"273","CA","Ferring Pharmaceuticals, Inc.","3"
"274","CA","Figure","1"
"275","CA","Finrise","1"
"276","CA","First Republic Bank","6"
"277","CA","Fitbit","1"
"278","CA","Flexport","1"
"279","CA","FlowWest","1"
"280","CA","Foghorn Systems","2"
"281","CA","Fox Networks Digital Consumer Group","1"
"282","CA","Fox Networks Group","1"
"283","CA","Franklin Templeton Investments","2"
"284","CA","Freestar","1"
"285","CA","Frequence","1"
"286","CA","Frontapp","1"
"287","CA","Frontend Arts","1"
"288","CA","FuelX","2"
"289","CA","Funding Circle US","1"
"290","CA","GB HealthWatch","3"
"291","CA","GOAT","1"
"292","CA","GQR Global Markets","1"
"293","CA","Galvanize","2"
"294","CA","Gap Inc. Corporate","2"
"295","CA","Gateway Recruiting, INC","1"
"296","CA","Geli","2"
"297","CA","Gencyte Therapeutics, Inc.","1"
"298","CA","Genedata","1"
"299","CA","Genentech","22"
"300","CA","General Assembly","2"
"301","CA","General Atomics","6"
"302","CA","General Atomics Aeronautical Systems","1"
"303","CA","General Dynamics Information Technology","1"
"304","CA","Genomatica, Inc.","3"
"305","CA","Genomic Health","1"
"306","CA","Geomagical Labs","1"
"307","CA","Gifford Fong Associates (GFA)","1"
"308","CA","Gigster","1"
"309","CA","Gilead Sciences","8"
"310","CA","Glassdoor","3"
"311","CA","GlobalLogic, Inc.","1"
"312","CA","Glu Mobile","2"
"313","CA","GoPro","1"
"314","CA","Golden Gate National Parks Conservancy","1"
"315","CA","Google","96"
"316","CA","Gossamer Bio","2"
"317","CA","Grammarly, Inc.","1"
"318","CA","Grand Rounds","1"
"319","CA","Granular","2"
"320","CA","GreatCall","1"
"321","CA","Greenlots","1"
"322","CA","Grifols","1"
"323","CA","Grindr","1"
"324","CA","GroundTruth","2"
"325","CA","Group Nine Media","1"
"326","CA","Groupon","1"
"327","CA","Guardant Health","8"
"328","CA","Guardian Analytics","1"
"329","CA","Guidewire Software, Inc.","1"
"330","CA","Gymboree","1"
"331","CA","HBUS","1"
"332","CA","HDR","1"
"333","CA","HIRECLOUT","1"
"334","CA","HONK","1"
"335","CA","HP","1"
"336","CA","HackerOne","1"
"337","CA","Halozyme Therapeutics, Inc.","3"
"338","CA","Harnham","20"
"339","CA","HealthyPets, Inc.","1"
"340","CA","Heap","1"
"341","CA","Hearsay Systems","2"
"342","CA","Heed Foods","2"
"343","CA","Heliotrope Technologies","1"
"344","CA","Helix","2"
"345","CA","Heluna Health","2"
"346","CA","Heron Therapeutics","1"
"347","CA","High Lantern Group","1"
"348","CA","Hitachi Chemical Advanced Therapeutics Solutions, LLC","1"
"349","CA","Hitachi Chemical Advanced Therapeutics Solutions, LLC (formerly PCT Cell Therapy Services, LLC)","1"
"350","CA","Hologic","4"
"351","CA","Honda Research Institute USA","5"
"352","CA","Honey","1"
"353","CA","Housecall Pro","2"
"354","CA","Human Longevity, Inc.","4"
"355","CA","Humu","1"
"356","CA","Huxley IT","1"
"357","CA","Hydrogen Group","1"
"358","CA","IAS-USA","1"
"359","CA","ICF","3"
"360","CA","IGM Biosciences","1"
"361","CA","INTERA","1"
"362","CA","IPG Mediabrands","1"
"363","CA","Illumina","27"
"364","CA","Imagining Human","1"
"365","CA","Imbellus","2"
"366","CA","Impossible Foods","4"
"367","CA","Inception Sciences","2"
"368","CA","Indotronix International Corporation","1"
"369","CA","Infinite Uptime","1"
"370","CA","Infocorvus","1"
"371","CA","Inseego","1"
"372","CA","Insikt","1"
"373","CA","Instacart","8"
"374","CA","Instrumentation Laboratory","2"
"375","CA","Integrated DNA Technologies, Inc","2"
"376","CA","IntelliPro Group Inc.","1"
"377","CA","Intercept Pharmaceuticals","1"
"378","CA","International Information Technology Team, Inc.","1"
"379","CA","Internet Brands","1"
"380","CA","Intrexon Corporation.","5"
"381","CA","Intuit","11"
"382","CA","Intuitive Surgical","1"
"383","CA","Investigative Company","1"
"384","CA","Invitae","4"
"385","CA","Iovance Biotherapeutics","1"
"386","CA","JBCConnect","2"
"387","CA","JD.com","26"
"388","CA","JLL","3"
"389","CA","JUST, Inc.","1"
"390","CA","JUUL Labs","19"
"391","CA","Jack In The Box | Jack in the Box, Inc.","1"
"392","CA","Jobspring Partners","9"
"393","CA","Johnson & Johnson Family of Companies","5"
"394","CA","Joinn Laboratories CA, Inc","1"
"395","CA","Joymode","1"
"396","CA","Juvo","3"
"397","CA","KOCH AG & ENERGY SOLUTIONS","1"
"398","CA","KPMG","2"
"399","CA","Kaiser Permanente","4"
"400","CA","Kantar Millward Brown","4"
"401","CA","Kelton Global","1"
"402","CA","Kelton Global LLC","1"
"403","CA","Kelvin","3"
"404","CA","Key Lime Interactive","1"
"405","CA","King.com","3"
"406","CA","Kinsa Inc.","1"
"407","CA","Kite Pharma","1"
"408","CA","Kiva.org","1"
"409","CA","Klein Hersh International","1"
"410","CA","Klein Management Systems","3"
"411","CA","Kleinfelder","3"
"412","CA","Kleinfelder, Inc.","7"
"413","CA","Kofi Solutions Group","1"
"414","CA","Komodo Health","1"
"415","CA","Kura Oncology","1"
"416","CA","LOCKHEED MARTIN CORPORATION","1"
"417","CA","LQ Digital","1"
"418","CA","LT","1"
"419","CA","La Jolla Institute for Allergy and Immunology","4"
"420","CA","Lab Pros","1"
"421","CA","Lab126","21"
"422","CA","LabCorp","4"
"423","CA","LakePharma, Inc.","2"
"424","CA","Langan Engineering and Environmental Services, Inc.","1"
"425","CA","Lattice Engines","1"
"426","CA","Lawrence Berkeley National Laboratory","12"
"427","CA","Leap.ai","1"
"428","CA","LeapYear","1"
"429","CA","Leidos","8"
"430","CA","LendUp","1"
"431","CA","LendingClub","4"
"432","CA","LendingHome","2"
"433","CA","Lieberman Research Worldwide","1"
"434","CA","Life360","1"
"435","CA","LimeBike","2"
"436","CA","Linc Global, Inc.","2"
"437","CA","LivePerson","1"
"438","CA","LivePerson - Global Product & Technology","1"
"439","CA","Lob","1"
"440","CA","Lockstep, Inc.","1"
"441","CA","Locus Technologies","1"
"442","CA","LogMeIn","1"
"443","CA","Logyx","1"
"444","CA","Lonza","2"
"445","CA","Lonza Biologics","1"
"446","CA","Loomly","1"
"447","CA","Los Angeles County Department of Human Resources","1"
"448","CA","Los Angeles Universal Preschool","1"
"449","CA","Lumos Labs, Inc.","1"
"450","CA","Lyric","1"
"451","CA","MCKEAN DEFENSE/CABRILLO TECHNOLOGIES","2"
"452","CA","MORI Associates, Inc","1"
"453","CA","MUFG","2"
"454","CA","MUSEUM ASSOCIATES","1"
"455","CA","Macy's","2"
"456","CA","Magic Leap, Inc.","1"
"457","CA","Malin Space Science Systems","1"
"458","CA","Malin Space Science Systems, Inc.","1"
"459","CA","ManTech International Corporation","1"
"460","CA","Marcus & Associates","1"
"461","CA","Massdrop","1"
"462","CA","MasterClass","1"
"463","CA","Mathematica Policy Research","2"
"464","CA","Matthews Asia","1"
"465","CA","Maven Wave Partners","2"
"466","CA","Medal","2"
"467","CA","MemComputing, Inc.","1"
"468","CA","Memjet","1"
"469","CA","Mercedes-Benz Research & Development North America, Inc.","1"
"470","CA","Merck","3"
"471","CA","Metabiota","1"
"472","CA","Metromile","1"
"473","CA","Microsoft","11"
"474","CA","Microvi","1"
"475","CA","Milacron LLC","1"
"476","CA","Miltenyi Biotec","1"
"477","CA","Mission Bio","1"
"478","CA","Mitek Systems","1"
"479","CA","Moneythink","1"
"480","CA","Montrose Environmental Group, Inc.","1"
"481","CA","Motif Investing","1"
"482","CA","Motive Interactive","2"
"483","CA","Moveworks.ai","2"
"484","CA","Mozilla","1"
"485","CA","Mybrainsolutions","1"
"486","CA","Mynd","1"
"487","CA","MyoKardia, Inc.","2"
"488","CA","NAVICAN GENOMICS INC","1"
"489","CA","NEUROCRINE BIOSCIENCES","4"
"490","CA","NGM Biopharmaceuticals","3"
"491","CA","NOKIA","17"
"492","CA","NRG- A Stagwell Company","2"
"493","CA","Nanocellect Biomedical Inc.","1"
"494","CA","NantKwest","3"
"495","CA","Narvar","1"
"496","CA","Natera","8"
"497","CA","Natero","1"
"498","CA","Natural Resources Defense Council","1"
"499","CA","Near","1"
"500","CA","Neer Info Solutions","1"
"501","CA","Neilson Financial Services","1"
"502","CA","Neilson Financial Services, USA","1"
"503","CA","Nektar","9"
"504","CA","NetApp","5"
"505","CA","Netflix","3"
"506","CA","Neural Analytics","3"
"507","CA","Neustar, Inc.","1"
"508","CA","Nexient","1"
"509","CA","Niantic Labs","1"
"510","CA","Niantic, Inc.","1"
"511","CA","Nielsen","5"
"512","CA","NinthDecimal","1"
"513","CA","Nmatrixx","1"
"514","CA","Noodle.ai","3"
"515","CA","Notable Labs","1"
"516","CA","Novartis","4"
"517","CA","Nuvola Staffing & Solutions, LLC.","1"
"518","CA","Oath Inc","31"
"519","CA","Okaya Inc","1"
"520","CA","Olympia Medical Center","4"
"521","CA","Omada Health","2"
"522","CA","OpenAI","1"
"523","CA","Opendoor","2"
"524","CA","Operam, Inc","2"
"525","CA","Optimizely","1"
"526","CA","Oracle","3"
"527","CA","Organovo","1"
"528","CA","Otis College of Art and Design","1"
"529","CA","PLAYSTUDIOS Inc","1"
"530","CA","PPD","2"
"531","CA","Pacific Gas And Electric Company","1"
"532","CA","Pacific Institute for Research and Evaluation","1"
"533","CA","Pandora Media, Inc.","5"
"534","CA","Parker Institute for Cancer Immunotherapy","1"
"535","CA","Parsable","1"
"536","CA","Pathway Genomics","3"
"537","CA","PaxVax","3"
"538","CA","Payette Group","9"
"539","CA","Penn Schoen Berland","1"
"540","CA","Pentasia","1"
"541","CA","Petuum","1"
"542","CA","Petuum, Inc","5"
"543","CA","Pfenex Inc.","4"
"544","CA","Pfizer","1"
"545","CA","Pfizer Inc.","3"
"546","CA","Pharmacyclics, an Abbvie Company","34"
"547","CA","Philo","1"
"548","CA","PicnicHealth","1"
"549","CA","Pinterest","6"
"550","CA","Pivot Bio","1"
"551","CA","Plaid","1"
"552","CA","Planet","1"
"553","CA","Planet Pharma","2"
"554","CA","Platform Science","2"
"555","CA","Plenty","1"
"556","CA","Plexxikon","1"
"557","CA","Pocket Gems","1"
"558","CA","Poshmark","1"
"559","CA","Pray","1"
"560","CA","Product Madness","1"
"561","CA","Profusa","1"
"562","CA","Progenesis","1"
"563","CA","Project Concern International","1"
"564","CA","Projectline","1"
"565","CA","Prologis","1"
"566","CA","Promega Corporation","1"
"567","CA","Prometheus Laboratories Inc.","4"
"568","CA","Proneurotech, Inc.","1"
"569","CA","Proofpoint","3"
"570","CA","Proteus Digital Health","6"
"571","CA","ProtonMail","1"
"572","CA","Public Health Institute","1"
"573","CA","Qadium","1"
"574","CA","Qeexo","1"
"575","CA","QualStaff Resources","1"
"576","CA","Qualcomm","4"
"577","CA","Qualified Technical Services, Inc","2"
"578","CA","Qualys","1"
"579","CA","Quantcast","1"
"580","CA","Quantium","2"
"581","CA","Quidel Corporation","1"
"582","CA","Quizlet","2"
"583","CA","Qulab Inc.","1"
"584","CA","Quora","19"
"585","CA","R&D Partners","7"
"586","CA","REPS & Co.","1"
"587","CA","RTI International","2"
"588","CA","Rainforest QA","1"
"589","CA","Rakuten Aspyrian, Inc.","1"
"590","CA","Rally Health","3"
"591","CA","Rancho BioSciences","1"
"592","CA","Rand Thompson Consultants LLC","1"
"593","CA","Ranker","2"
"594","CA","Recruiting Resources","1"
"595","CA","Recurly","1"
"596","CA","Redfish Technology - High Tech Executive Recruiters","6"
"597","CA","Remind","2"
"598","CA","ResMed","1"
"599","CA","Retrophin","2"
"600","CA","Rincon Consultants, Inc.","3"
"601","CA","Riot Games","5"
"602","CA","Roblox","2"
"603","CA","Roche","7"
"604","CA","RoundhouseOne","1"
"605","CA","S.C. International","2"
"606","CA","SAP","1"
"607","CA","SAS Institute","1"
"608","CA","SCS Engineers","1"
"609","CA","SD Medical system Inc","1"
"610","CA","SDSU Research Foundation","1"
"611","CA","SEIU United Service Workers West","1"
"612","CA","SENS Research Foundation","1"
"613","CA","SF VA Medical Center","1"
"614","CA","SHIELDS for Families, Inc.","1"
"615","CA","SPAR Information Systems","1"
"616","CA","SRI International","1"
"617","CA","STRIVR","2"
"618","CA","Saildrone","1"
"619","CA","Salesforce","2"
"620","CA","Samba TV","3"
"621","CA","Samsung NEXT","1"
"622","CA","Samsung Research America","13"
"623","CA","Samumed, LLC","2"
"624","CA","San Diego Community College District","1"
"625","CA","San Francisco Office of the Chief Medical Examiner","1"
"626","CA","Sangamo Therapeutics","3"
"627","CA","Sano","2"
"628","CA","Sartorius North America","1"
"629","CA","Scaleapi","2"
"630","CA","Science 37","1"
"631","CA","Scientific Research Corporation","2"
"632","CA","Scoop Technologies","1"
"633","CA","Scripps Health Corp","1"
"634","CA","SearchTech Consulting, Inc","1"
"635","CA","Sears Holdings Management Corporation","1"
"636","CA","Sentient Investment Management","2"
"637","CA","Shipt","1"
"638","CA","Shutterfly","2"
"639","CA","Siemens","1"
"640","CA","Sift Science","1"
"641","CA","SigOpt","2"
"642","CA","Sigma Systems, Inc.","1"
"643","CA","Siluria Technologies","1"
"644","CA","Siolta Therapeutics","1"
"645","CA","SiriusXM","1"
"646","CA","Skillz Inc.","2"
"647","CA","Slack","1"
"648","CA","Slice Technologies & Unroll.me","2"
"649","CA","Smarkets","3"
"650","CA","Smith Hanley Associates","3"
"651","CA","Snap Inc.","1"
"652","CA","SnapStrat","1"
"653","CA","Sojern","4"
"654","CA","Sony Interactive Entertainment PlayStation","3"
"655","CA","Soraa Inc.","1"
"656","CA","Sorrento Therapeutics","6"
"657","CA","Southern California Gas Company","1"
"658","CA","Specific Diagnostics","1"
"659","CA","Splunk","1"
"660","CA","Square","5"
"661","CA","Staffing the Universe","1"
"662","CA","Stantec","1"
"663","CA","States Title","1"
"664","CA","Stealth Mode Startup Company","1"
"665","CA","Stitch Fix","6"
"666","CA","Strava","1"
"667","CA","Streamlyne","1"
"668","CA","Streetline","1"
"669","CA","Stride Search","2"
"670","CA","StubHub","1"
"671","CA","Sunrise Systems Inc","1"
"672","CA","SurveyMonkey","1"
"673","CA","Symantec","7"
"674","CA","Syndicus Inc","1"
"675","CA","Syneos Health (previously INC Research/inVentiv Health)","1"
"676","CA","Synopsys","5"
"677","CA","System1 Biosciences","1"
"678","CA","Systems Planning and Analysis","1"
"679","CA","TARGET","9"
"680","CA","THC Design","1"
"681","CA","TP Therapeutics","1"
"682","CA","Taboola","1"
"683","CA","Takeda Pharmaceutical","9"
"684","CA","Talent & Acquisition LLC","3"
"685","CA","Tanvex BioPharma USA,Inc","1"
"686","CA","Tapjoy","2"
"687","CA","TaskRabbit","1"
"688","CA","Taulia","1"
"689","CA","Tellius","1"
"690","CA","Tenable","1"
"691","CA","Tenor.ai","1"
"692","CA","Teradata","5"
"693","CA","Terramino Foods","2"
"694","CA","Tesorio","1"
"695","CA","The Aerospace Corporation","1"
"696","CA","The Boston Consulting Group","11"
"697","CA","The Camstoll Group","6"
"698","CA","The Climate Corporation","4"
"699","CA","The Clorox Company","1"
"700","CA","The Expert Institute","1"
"701","CA","The Mice Groups","2"
"702","CA","The Situs Companies","1"
"703","CA","The Wonderful Company LLC","1"
"704","CA","Theravance Biopharma","1"
"705","CA","Thermo Fisher Scientific","11"
"706","CA","ThirdLove","1"
"707","CA","ThoughtWorks","1"
"708","CA","Thumbtack","1"
"709","CA","Tonal","3"
"710","CA","Torani","1"
"711","CA","TransFair USA","1"
"712","CA","Transcriptic","2"
"713","CA","Transdev","1"
"714","CA","Tricida, Inc.","1"
"715","CA","Trifacta","1"
"716","CA","Trulia","2"
"717","CA","Tubi TV","1"
"718","CA","Tubular Labs","1"
"719","CA","Turnitin, LLC","1"
"720","CA","Tusimple","1"
"721","CA","Twist Bioscience","6"
"722","CA","Twitch","4"
"723","CA","Twitter","10"
"724","CA","UC San Diego","11"
"725","CA","UCLA","3"
"726","CA","UCLA David Geffen School of Medicine","1"
"727","CA","USC","13"
"728","CA","Uber","18"
"729","CA","Ubisoft","2"
"730","CA","Ultimate Software","2"
"731","CA","Ultragenyx Pharmaceutical","1"
"732","CA","Under Armour","2"
"733","CA","Unicon Pharma","1"
"734","CA","Union Bank","1"
"735","CA","UnionBank","1"
"736","CA","UnitedHealth Group","1"
"737","CA","Unity Technologies","1"
"738","CA","Universities Space Research Association","4"
"739","CA","University of California Berkeley","8"
"740","CA","University of California San Francisco","13"
"741","CA","University of California San Francisco Medical Center","1"
"742","CA","University of San Diego","1"
"743","CA","University of San Francisco","1"
"744","CA","Upgrade","1"
"745","CA","Upstart","4"
"746","CA","Uptown Treehouse","1"
"747","CA","Upwork","1"
"748","CA","UserTesting","2"
"749","CA","UtopiaCompression Corporation","1"
"750","CA","VIA Technical","1"
"751","CA","VIR","1"
"752","CA","Varstaff","2"
"753","CA","Velocity","1"
"754","CA","Verastem","1"
"755","CA","Vertex","4"
"756","CA","Vertex Pharmaceuticals","4"
"757","CA","Verve","1"
"758","CA","ViaSat","3"
"759","CA","Vida","1"
"760","CA","Vidora","2"
"761","CA","ViewRay, Inc.","2"
"762","CA","Viome","2"
"763","CA","Virgin Hyperloop One","2"
"764","CA","Visa","2"
"765","CA","VitroLabs Inc","3"
"766","CA","Vituity","1"
"767","CA","Volunteers of America Los Angeles","1"
"768","CA","Voxelcloud","3"
"769","CA","Vungle","1"
"770","CA","Walmart","4"
"771","CA","Walmart eCommerce","45"
"772","CA","Waymo","3"
"773","CA","Wealthfront","1"
"774","CA","WestCoast Children's Clinic","1"
"775","CA","Westfield Corporation","1"
"776","CA","WhereTo","1"
"777","CA","Whiterabbit.ai","1"
"778","CA","Whiz Finder Corporation","2"
"779","CA","Wild Type","1"
"780","CA","Williams-Sonoma, Inc.","5"
"781","CA","Wish","6"
"782","CA","Wix","1"
"783","CA","Woebot","1"
"784","CA","Wonderschool","1"
"785","CA","Wood","1"
"786","CA","Workbridge Associates","3"
"787","CA","Workers' Compensation Insurance Rating Bureau of California (WCIRB)","1"
"788","CA","World Wildlife Fund","1"
"789","CA","Wuxi AppTec","4"
"790","CA","Xencor","3"
"791","CA","Xylem","2"
"792","CA","YapStone","1"
"793","CA","Yelp","2"
"794","CA","Yodlee","1"
"795","CA","YourMechanic","1"
"796","CA","Z Gallerie","1"
"797","CA","ZapLabs LLC","2"
"798","CA","Zebit","1"
"799","CA","Zendrive, Inc.","2"
"800","CA","ZestFinance","10"
"801","CA","Zingbox","1"
"802","CA","Zipcar","1"
"803","CA","Zoetis","1"
"804","CA","Zoomdata","1"
"805","CA","Zoosk","1"
"806","CA","Zymergen","6"
"807","CA","Zynga","1"
"808","CA","eBay Inc.","1"
"809","CA","ecoATM LLC","1"
"810","CA","h2o.ai","6"
"811","CA","iHeartMedia, Inc.","1"
"812","CA","iRhythm","3"
"813","CA","insitro.com","2"
"814","CA","openwater (openwater.cc)","2"
"815","CA","permIT LLC","1"
"816","CA","thredUP Inc","2"
"817","CA","true[x]","1"
"818","CA","uBiome","1"
"819","CA","ìż íĄ","2"
"820","CO","Advanced Technology Solutions, Inc","1"
"821","CO","Agilent Technologies, Inc.","1"
"822","CO","ArcherDX, INC.","3"
"823","CO","Array BioPharma","1"
"824","CO","Ball Aerospace","187"
"825","CO","Blackstone Technology Group","1"
"826","CO","CA Technologies","1"
"827","CO","Clovis Oncology, Inc.","1"
"828","CO","Cooperative Institute for Research in the Atmosphere","1"
"829","CO","Delve","2"
"830","CO","Elevations Credit Union","1"
"831","CO","Formation Environmental LLC","1"
"832","CO","GSI Service Group Inc","1"
"833","CO","Gaia International Inc.","1"
"834","CO","Google","5"
"835","CO","KBI Biopharma","1"
"836","CO","Miragen Therapeutics, Inc.","2"
"837","CO","NVIDIA","1"
"838","CO","National Ecological Observatory Network Inc","7"
"839","CO","National Renewable Energy Laboratory","1"
"840","CO","Pandora Media, Inc.","1"
"841","CO","Recurly","1"
"842","CO","S&P Global","1"
"843","CO","SciTec","1"
"844","CO","Sensory, Inc","2"
"845","CO","SomaLogic, Inc.","1"
"846","CO","Somalogic, Inc.","1"
"847","CO","SoundHound Inc.","1"
"848","CO","Southwest Research Institute","1"
"849","CO","Sovrn Holdings","1"
"850","CO","Splunk","2"
"851","CO","Tendril","1"
"852","CO","Trimble Inc.","1"
"853","CO","Twitter","1"
"854","CO","UCAR","2"
"855","CO","University of Colorado","12"
"856","CO","University of Colorado Boulder","1"
"857","DC","AARP","1"
"858","DC","AFL-CIO","1"
"859","DC","ANALYTICA","1"
"860","DC","ARiA","2"
"861","DC","ASRC Federal Holding Company","1"
"862","DC","ASTA CRS","1"
"863","DC","Accenture","4"
"864","DC","AccessLex Institute","1"
"865","DC","Acima Spirits","1"
"866","DC","Acumen LLC","1"
"867","DC","Advanced Decision Vectors, LLC","2"
"868","DC","Advanced Sciences and Technologies (AS&T)","1"
"869","DC","Advantage SCI","1"
"870","DC","Akima, LLC","1"
"871","DC","American Council of Life Insurers","1"
"872","DC","American Geophysical Union","2"
"873","DC","American Institutes for Research","2"
"874","DC","Amtrak","1"
"875","DC","Amyx Inc","1"
"876","DC","Analytic Recruiting","1"
"877","DC","Applied Memetics LLC","1"
"878","DC","Applied Research Associates, Inc","1"
"879","DC","Arcadis","1"
"880","DC","Arch","1"
"881","DC","Ardent Eagle Solutions","1"
"882","DC","Aristotle","1"
"883","DC","Array Architects Inc","1"
"884","DC","Ashton Lane Group","4"
"885","DC","Association of American Medical Colleges","1"
"886","DC","Atlantic Media","1"
"887","DC","Atlas Research","1"
"888","DC","BAE Systems","1"
"889","DC","BGC Partners","1"
"890","DC","Base Operations","1"
"891","DC","Belcan Government Services","2"
"892","DC","Benenson Strategy Group","1"
"893","DC","BigBear, Inc.","1"
"894","DC","Bloomberg BNA","1"
"895","DC","BlueLabs Analytics","11"
"896","DC","Booz Allen Hamilton","8"
"897","DC","Burns & McDonnell","3"
"898","DC","Burson-Marsteller","1"
"899","DC","C3 IoT","2"
"900","DC","CACI","1"
"901","DC","CAVA - Technology","2"
"902","DC","CBRE","1"
"903","DC","CGH Technologies, Inc.","1"
"904","DC","CGI","2"
"905","DC","CMTC","1"
"906","DC","CSRA","1"
"907","DC","Camris International","1"
"908","DC","Carnegie Institution","1"
"909","DC","Carnegie Institution for Science","1"
"910","DC","Carney","1"
"911","DC","Celestar Corporation","2"
"912","DC","Center for the Study of Services","1"
"913","DC","Centers for Disease Control and Prevention","2"
"914","DC","Centra Technology","3"
"915","DC","Central Intelligence Agency","4"
"916","DC","Chenega Corporation","1"
"917","DC","Cherokee Nation Businesses","1"
"918","DC","Civis Analytics","3"
"919","DC","Comcast","1"
"920","DC","Coso IT","1"
"921","DC","Court Services and Offender Supervision Agency for DC","1"
"922","DC","Courtney Raymond Consultants","1"
"923","DC","Criterion Systems","1"
"924","DC","Davis Defense Group","1"
"925","DC","Delmock Technologies Inc.","3"
"926","DC","Department of Education","1"
"927","DC","Department of Energy","1"
"928","DC","Department of Health And Human Services","1"
"929","DC","Department of Homeland Security","1"
"930","DC","E.L. Haynes Public Charter School","1"
"931","DC","ERPi","4"
"932","DC","Eaton Vance","2"
"933","DC","Environmental Defense Fund","2"
"934","DC","Environmental Protection Agency","1"
"935","DC","Environmental Working Group","1"
"936","DC","Exponent","2"
"937","DC","FREEDOM CONSULTING GROUP","1"
"938","DC","Fannie Mae","2"
"939","DC","Federation for American Immigration Reform (Fair)","1"
"940","DC","Feeding America","1"
"941","DC","FiscalNote","1"
"942","DC","FrameWorks Institute","1"
"943","DC","GQR","1"
"944","DC","Gallup","1"
"945","DC","General Electric","1"
"946","DC","Google","2"
"947","DC","Government of the District of Columbia","1"
"948","DC","Grant Thornton","2"
"949","DC","GreenZone Solutions, Inc.","1"
"950","DC","Guidehouse","4"
"951","DC","Handshake Partners, LLC","1"
"952","DC","Harnham","1"
"953","DC","Hatch","1"
"954","DC","Heart Rhythm Society (HRS)","1"
"955","DC","HexaCorp","1"
"956","DC","HighPoint","1"
"957","DC","Howard University","1"
"958","DC","ICF","4"
"959","DC","IFPRI (International Food Policy Research Institute)","1"
"960","DC","IHS Markit","1"
"961","DC","Ian, Evan & Alexander Corporation","1"
"962","DC","Ignyte Group","2"
"963","DC","Improbable","1"
"964","DC","Innovation Center for Biomedical Informatics, Georgetown University","1"
"965","DC","Institute for Defense Analyses","1"
"966","DC","Ipsos North America","4"
"967","DC","JLL","1"
"968","DC","JUUL Labs","1"
"969","DC","Jacobs","26"
"970","DC","KEYW Corporation","1"
"971","DC","KPMG","6"
"972","DC","LEWIS","1"
"973","DC","LS Technologies, LLC","1"
"974","DC","LaunchCode","1"
"975","DC","Legal Services Corporation","1"
"976","DC","Leidos","8"
"977","DC","Lexington Solutions Group","1"
"978","DC","Liberty Healthcare Corporation","1"
"979","DC","LinQuest Corporation","1"
"980","DC","Links Global","2"
"981","DC","Lionshare Lending, LLC","1"
"982","DC","ManTech International Corporation","1"
"983","DC","Manthan Systems","1"
"984","DC","Mathematica Policy Research","3"
"985","DC","McKinsey & Company","1"
"986","DC","MedStar Health","1"
"987","DC","MedStar Health Research Institute","1"
"988","DC","Microsoft","1"
"989","DC","MindRight","1"
"990","DC","Missing Link Security","1"
"991","DC","Morning Consult","1"
"992","DC","N C Q A","1"
"993","DC","NOKIA","1"
"994","DC","National Fish Wildlife Foundation","1"
"995","DC","National Geographic","1"
"996","DC","New America","1"
"997","DC","Newmark Knight Frank","1"
"998","DC","Noblis","3"
"999","DC","Novetta","6"
"1000","DC","OBXtek","1"
"1001","DC","OneGlobe","1"
"1002","DC","OneGlobe, LLC","1"
"1003","DC","Onyx Government Services, LLC","1"
"1004","DC","Opportunity Finance Network","1"
"1005","DC","Optoro","1"
"1006","DC","PARTNERSHIP for PUBLIC SERVICE","1"
"1007","DC","PCI Strategic Management","1"
"1008","DC","PNC Financial Services Group","1"
"1009","DC","Parsons","1"
"1010","DC","Patricio Enterprises","2"
"1011","DC","Penn Schoen Berland","2"
"1012","DC","Perspecta","2"
"1013","DC","Pivotal Software","2"
"1014","DC","Planned Systems International","1"
"1015","DC","Population Services International","1"
"1016","DC","Pragmatics","2"
"1017","DC","Precision Systems, Inc.","2"
"1018","DC","Quantronix Inc","1"
"1019","DC","RAND Corporation","1"
"1020","DC","RMworkforce","1"
"1021","DC","RTI International","2"
"1022","DC","Radiant Solutions","2"
"1023","DC","Rescue Agency","1"
"1024","DC","SOLUTE","1"
"1025","DC","Salient CRGT","2"
"1026","DC","Scientific Research Corporation","1"
"1027","DC","Service Employees International Union","1"
"1028","DC","SkillDemand","1"
"1029","DC","Staffing Advisors","1"
"1030","DC","Steel Point Solutions","1"
"1031","DC","Stroz Friedberg","1"
"1032","DC","Summit Technologies, Inc.","3"
"1033","DC","T. White Parker Associates, Incorporated","1"
"1034","DC","Talent Savant","1"
"1035","DC","Technica","1"
"1036","DC","TechnoGen Inc","1"
"1037","DC","Teracore","1"
"1038","DC","The Aspen Institute","1"
"1039","DC","The Cadmus Group, Inc.","3"
"1040","DC","The Catholic University of America","1"
"1041","DC","The Henry M. Jackson Foundation","1"
"1042","DC","The Kenjya-Trusant Group, LLC","1"
"1043","DC","The Urban Institute","3"
"1044","DC","Total Systems Technologies Corporation","1"
"1045","DC","Tygart Technology, Inc.","1"
"1046","DC","U.S. Federal Government","2"
"1047","DC","US Agency for International Development","1"
"1048","DC","Unchained Labs","1"
"1049","DC","Unisys","1"
"1050","DC","VISUAL SOFT, INC","1"
"1051","DC","Vanda Pharmaceuticals Inc.","2"
"1052","DC","Visa","1"
"1053","DC","Walker Medical Solutions","1"
"1054","DC","Washington Metropolitan Area Transit Authority","1"
"1055","DC","Weber Shandwick","1"
"1056","DC","Will-N-Able","1"
"1057","DC","Wittenberg Weiner Consulting LLC","1"
"1058","DC","Workbridge Associates","1"
"1059","DC","World Resources Institute","1"
"1060","DC","Wunderman","1"
"1061","DC","Z FEDERAL","1"
"1062","DC","Zoomdata","1"
"1063","DC","raag solutions","1"
"1064","DC","xentity corporation","5"
"1065","DC","Ăptimus Consulting","1"
"1066","GA","2M Research Services","1"
"1067","GA","ALS TDI","1"
"1068","GA","AMERICAN CANCER SOCIETY","2"
"1069","GA","Accenture","2"
"1070","GA","AirSage","1"
"1071","GA","Alaka`ina Foundation Family of Companies","1"
"1072","GA","Alteryx, Inc.","1"
"1073","GA","Amazon.com","2"
"1074","GA","Analytic Recruiting","1"
"1075","GA","Anthem, Inc.","3"
"1076","GA","Bank of America","6"
"1077","GA","Bank of America Merchant Services","1"
"1078","GA","Beacon Hill Technologies","1"
"1079","GA","Bionic Sciences Inc.","1"
"1080","GA","BrightBytes","1"
"1081","GA","Burns & McDonnell","6"
"1082","GA","CDK Global","1"
"1083","GA","CapTech Consulting","1"
"1084","GA","Capgemini","7"
"1085","GA","Cardinal Solutions","1"
"1086","GA","Carters, Inc","1"
"1087","GA","Catalina Marketing","2"
"1088","GA","Catapult Sports","1"
"1089","GA","Centers for Disease Control and Prevention","4"
"1090","GA","ChartSpan","1"
"1091","GA","ChartSpan Medical Technologies, Inc.","1"
"1092","GA","Chenega Corporation","1"
"1093","GA","Children's Healthcare of Atlanta","1"
"1094","GA","Clear Story Data","1"
"1095","GA","Cotiviti","3"
"1096","GA","Cox Media Group","1"
"1097","GA","Crowe","1"
"1098","GA","DELL","3"
"1099","GA","Dataiku","1"
"1100","GA","Deloitte","1"
"1101","GA","Delta Air Lines","1"
"1102","GA","Eagle Medical Services","2"
"1103","GA","Elavon, Inc.","1"
"1104","GA","Elev8 Hire Solutions","1"
"1105","GA","Emory Healthcare","1"
"1106","GA","Emory University","15"
"1107","GA","Epiq Systems, Inc.","1"
"1108","GA","Equifax","1"
"1109","GA","Evident","1"
"1110","GA","Feedzai","1"
"1111","GA","FraudScope","1"
"1112","GA","G2S Corporation","1"
"1113","GA","GEORGIA-PACIFIC","1"
"1114","GA","Gallup","1"
"1115","GA","General Assembly","1"
"1116","GA","General Dynamics Information Technology","1"
"1117","GA","General Electric","4"
"1118","GA","GeoVax, Inc.","1"
"1119","GA","Georgia State University","1"
"1120","GA","Georgia Tech Research Institute","15"
"1121","GA","Golder Associates","2"
"1122","GA","GreenSky","3"
"1123","GA","Gresham, Smith and Partners.","1"
"1124","GA","HD Supply","1"
"1125","GA","HKS, Inc.","1"
"1126","GA","HNTB Corporation","1"
"1127","GA","Happy Faces Personnel Group, Inc.","1"
"1128","GA","Hawkins Diagnostics","1"
"1129","GA","Headway Workforce Solutions","1"
"1130","GA","Honeywell","4"
"1131","GA","IBM","1"
"1132","GA","ICF","5"
"1133","GA","Inspire Brands","1"
"1134","GA","Intercontinental Exchange","1"
"1135","GA","JUUL Labs","1"
"1136","GA","Jacobs","1"
"1137","GA","Jvion","1"
"1138","GA","KPMG","16"
"1139","GA","Kleinfelder, Inc.","1"
"1140","GA","Lighthouse Lab Services","1"
"1141","GA","Loyal","2"
"1142","GA","MacDermid Inc.","1"
"1143","GA","Matrix Resources","1"
"1144","GA","McKesson","1"
"1145","GA","McKinsey & Company","10"
"1146","GA","Moxie","1"
"1147","GA","Moxie Interactive, Inc.","1"
"1148","GA","Newell Brands","3"
"1149","GA","Norfolk Southern Corp","4"
"1150","GA","Northrop Grumman","1"
"1151","GA","Northside Hospital","1"
"1152","GA","Novelis","1"
"1153","GA","OM Partners","1"
"1154","GA","Operation HOPE","2"
"1155","GA","Optomi","1"
"1156","GA","Oversight Systems","2"
"1157","GA","PNC Financial Services Group","1"
"1158","GA","Pandora Media, Inc.","4"
"1159","GA","Payments & Cards Network","1"
"1160","GA","Pearson","1"
"1161","GA","Perficient","2"
"1162","GA","Piedmont Healthcare","2"
"1163","GA","PreVisor","1"
"1164","GA","Prestige Staffing","1"
"1165","GA","R&D Partners","2"
"1166","GA","Relus Cloud","1"
"1167","GA","ResMed","1"
"1168","GA","SKIM","2"
"1169","GA","SalesLoft","1"
"1170","GA","Scientific Research Corporation","1"
"1171","GA","Slalom Consulting","1"
"1172","GA","Smith Hanley Associates","1"
"1173","GA","Stantec","1"
"1174","GA","SunTrust","3"
"1175","GA","Symantec","1"
"1176","GA","TCGplayer","1"
"1177","GA","Tetra Tech","1"
"1178","GA","The Coca-Cola Company","8"
"1179","GA","The Goal Inc.","3"
"1180","GA","The Hexagon Lavish","4"
"1181","GA","The Home Depot","9"
"1182","GA","The Intersect Group","1"
"1183","GA","ThoughtWorks","1"
"1184","GA","Turner","2"
"1185","GA","U.S. Bank","1"
"1186","GA","UCB","1"
"1187","GA","UCB S.A.","1"
"1188","GA","UST Global Inc.","1"
"1189","GA","United Way","1"
"1190","GA","VHB","1"
"1191","GA","Voya Financial","1"
"1192","GA","WestRock","1"
"1193","GA","Wood","2"
"1194","GA","Xpect SVC, LLC","1"
"1195","GA","Xpert Staffing","1"
"1196","GA","Xylem","2"
"1197","GA","YIWEI Medical Inc.","1"
"1198","GA","Zelis Healthcare","1"
"1199","GA","eHire, LLC","1"
"1200","IL","1871","1"
"1201","IL","84.51Â°","3"
"1202","IL","AECOM","2"
"1203","IL","AHA American Hospital Association","1"
"1204","IL","AXIS Insurance","1"
"1205","IL","AbbVie","1"
"1206","IL","Accenture","5"
"1207","IL","Aegon","1"
"1208","IL","Akuna Capital","2"
"1209","IL","AkzoNobel","1"
"1210","IL","Alation Inc.","1"
"1211","IL","Allianz Global Corporate & Specialty","2"
"1212","IL","Allstate","12"
"1213","IL","AmeriCorps","1"
"1214","IL","American Dental Association","1"
"1215","IL","American Nursing Services","1"
"1216","IL","Analytic Recruiting","4"
"1217","IL","Androcles-Group","1"
"1218","IL","Ann & Robert H. Lurie Childrenâs Hospital of Chicago","7"
"1219","IL","Anthem, Inc.","5"
"1220","IL","Apex Companies, LLC","1"
"1221","IL","Avanade","1"
"1222","IL","Aviva","1"
"1223","IL","BMO Financial Group","5"
"1224","IL","BMW North America","1"
"1225","IL","BNY Mellon","2"
"1226","IL","BOEING","3"
"1227","IL","Bank of America","3"
"1228","IL","Blue Cross Blue Shield of IL, MT, NM, OK & TX","1"
"1229","IL","Blue Health Intelligence","1"
"1230","IL","Brad's Deals","2"
"1231","IL","BrainWorks","1"
"1232","IL","Brokerage Consultants Inc.","1"
"1233","IL","Brookfield Asset Management","1"
"1234","IL","Burns & McDonnell","9"
"1235","IL","CCC Information Services Inc.","2"
"1236","IL","CDK Global","2"
"1237","IL","CMIC Group","1"
"1238","IL","CUNA Mutual Group","1"
"1239","IL","Capax Global LLC","1"
"1240","IL","Capital One","3"
"1241","IL","Cardinal Health","1"
"1242","IL","Careers In Nonprofits","1"
"1243","IL","Cars.com","3"
"1244","IL","Catalina Marketing","1"
"1245","IL","Catapult Sports","2"
"1246","IL","Centro","1"
"1247","IL","Charles Schwab","1"
"1248","IL","Civis Analytics","19"
"1249","IL","Clarity Insights","1"
"1250","IL","Clear Story Data","1"
"1251","IL","Collective Health","2"
"1252","IL","Commerce Signals","1"
"1253","IL","Compass Lexecon","1"
"1254","IL","ConAgra Foods","1"
"1255","IL","Conagra Brands","1"
"1256","IL","Conversant Media","2"
"1257","IL","Covance","1"
"1258","IL","Coyote Logistics","1"
"1259","IL","Crafty Machine","1"
"1260","IL","Crain Communications","1"
"1261","IL","Crowe","1"
"1262","IL","DRW","2"
"1263","IL","DRW Trading Group","2"
"1264","IL","DV Trading LLC","1"
"1265","IL","Davey Tree","1"
"1266","IL","DiMeo Schneider & Associates","1"
"1267","IL","DigitasLBi","1"
"1268","IL","Discover Financial Services","2"
"1269","IL","Displayr","1"
"1270","IL","Domino Data Lab","1"
"1271","IL","Dremio","1"
"1272","IL","Drivin/Autoniq","1"
"1273","IL","Duff & Phelps Investment Management Company","1"
"1274","IL","Dyson","7"
"1275","IL","E*TRADE FINANCIAL","2"
"1276","IL","EXL","2"
"1277","IL","Elsevier","1"
"1278","IL","Engage Partners","2"
"1279","IL","Enterprise Peak","1"
"1280","IL","Epsilon","1"
"1281","IL","Equity Residential","1"
"1282","IL","Evolent Health","2"
"1283","IL","Expedia","1"
"1284","IL","Exponent","2"
"1285","IL","Federal Reserve Bank of Chicago","1"
"1286","IL","Feedzai","1"
"1287","IL","Fibroblast","1"
"1288","IL","Fit Analytics","1"
"1289","IL","Fooda","1"
"1290","IL","Gallup","1"
"1291","IL","Gelber Group","1"
"1292","IL","General Electric","1"
"1293","IL","Global Computing - Mexico","1"
"1294","IL","Golin","2"
"1295","IL","Google","3"
"1296","IL","Grant Thornton","1"
"1297","IL","Grenzebach Glier and Associates","1"
"1298","IL","Groupon","2"
"1299","IL","Grubhub","1"
"1300","IL","H5","1"
"1301","IL","HDR","1"
"1302","IL","HERE Technologies","2"
"1303","IL","HUB International","1"
"1304","IL","Hales Franciscan High School","1"
"1305","IL","Hyatt","2"
"1306","IL","IDEO","2"
"1307","IL","ITStaff Technical Resources","1"
"1308","IL","Incandescent Technologies","1"
"1309","IL","Intercontinental Exchange","1"
"1310","IL","Ipsos North America","2"
"1311","IL","JLL","4"
"1312","IL","JP Morgan Chase","3"
"1313","IL","JUUL Labs","2"
"1314","IL","Jobspring Partners","10"
"1315","IL","KCS Partners","1"
"1316","IL","KPMG","11"
"1317","IL","Kantar Millward Brown","1"
"1318","IL","Kemper Corporation","1"
"1319","IL","Klein Hersh International","3"
"1320","IL","Kraft Heinz Company","1"
"1321","IL","Label Insight","2"
"1322","IL","Labtech Specialty Staffing","1"
"1323","IL","Lumere","1"
"1324","IL","MARC USA LLC","1"
"1325","IL","MJK Concepts","1"
"1326","IL","Market Track","1"
"1327","IL","Mars","2"
"1328","IL","Mathematica Policy Research","2"
"1329","IL","Maven Wave Partners","2"
"1330","IL","McKinsey & Company","15"
"1331","IL","Method Products","3"
"1332","IL","Mindshare","1"
"1333","IL","Mintel","1"
"1334","IL","Mintel Group","2"
"1335","IL","Morningstar","2"
"1336","IL","Motorola Solutions","1"
"1337","IL","NCSA - Next College Student Athlete","5"
"1338","IL","NORC at the University of Chicago","7"
"1339","IL","Natural Resources Defense Council","1"
"1340","IL","Neuberger Berman","1"
"1341","IL","Nielsen","11"
"1342","IL","Northwestern University","10"
"1343","IL","Nuveen","1"
"1344","IL","Old Mission Capital","1"
"1345","IL","Oliver James Associates","1"
"1346","IL","Oliver Wyman","1"
"1347","IL","Oneida ESC Group","1"
"1348","IL","Options Clearing Corporation","1"
"1349","IL","Outcome Health","1"
"1350","IL","PRA Health Sciences","1"
"1351","IL","PSM Partners","1"
"1352","IL","Performics","1"
"1353","IL","Persado","1"
"1354","IL","Phoenix Tree Publishing, Inc.","1"
"1355","IL","PwC","1"
"1356","IL","Quadratic Systems, Inc.","1"
"1357","IL","Quanteam","1"
"1358","IL","Quantlab","1"
"1359","IL","QuantumBlack","2"
"1360","IL","RCG Holdings LLC","1"
"1361","IL","Rippleshot","1"
"1362","IL","Robert Half Finance & Accounting","1"
"1363","IL","Robert Walters","1"
"1364","IL","Rush University Medical Center","8"
"1365","IL","S.C. International","1"
"1366","IL","SPINS, LLC","1"
"1367","IL","Sartorius North America","1"
"1368","IL","Scienaptic Systems Inc","1"
"1369","IL","ServiceNow","3"
"1370","IL","Shirley Ryan Ability Lab","1"
"1371","IL","Siemens","1"
"1372","IL","Simple Laboratories","1"
"1373","IL","Simple Mills, Inc.","1"
"1374","IL","Skadden, Arps, Slate, Meagher & Flom LLP & Affiliates","1"
"1375","IL","Smith Hanley Associates","1"
"1376","IL","Solving IT","1"
"1377","IL","SpotHero","2"
"1378","IL","Strike Social","1"
"1379","IL","Synchrony Financial","1"
"1380","IL","TBWA\Chiat\Day","1"
"1381","IL","Tempus","22"
"1382","IL","The Boston Consulting Group","3"
"1383","IL","The Climate Corporation","6"
"1384","IL","The Hagan-Ricci Group, Inc.","1"
"1385","IL","The Laso Corp","1"
"1386","IL","The Marketing Store","2"
"1387","IL","The NPD Group","1"
"1388","IL","The Nerdery","2"
"1389","IL","The University of Chicago","14"
"1390","IL","The University of Chicago Medicine","1"
"1391","IL","Thermo Fisher Scientific","1"
"1392","IL","ThoughtWorks","1"
"1393","IL","Tigroup","1"
"1394","IL","Trading Technologies","1"
"1395","IL","TransUnion","3"
"1396","IL","Transworld Systems, Inc. (TSI)","1"
"1397","IL","Trunk Club","3"
"1398","IL","U.S. Bank","1"
"1399","IL","US Cellular","1"
"1400","IL","US Foods","3"
"1401","IL","United Airlines Inc.","1"
"1402","IL","United States Soccer Federation","1"
"1403","IL","UnitedHealth Group","3"
"1404","IL","University of Chicago","1"
"1405","IL","University of Illinois at Chicago","2"
"1406","IL","Uptake","3"
"1407","IL","Verisk Analytics","1"
"1408","IL","Walker Sands Communications","1"
"1409","IL","Weaver Consultants Group","2"
"1410","IL","William Blair & Company","2"
"1411","IL","Wipro Limited","1"
"1412","IL","Wolverine Trading","1"
"1413","IL","Workbridge Associates","7"
"1414","IL","World Business Chicago","1"
"1415","IL","XPO Logistics","1"
"1416","IL","dbHMS","1"
"1417","IL","e.biT Consulting","1"
"1418","IL","envisionit","1"
"1419","IL","exp","1"
"1420","MA","10x Genomics","1"
"1421","MA","AB Sciex Pte","1"
"1422","MA","AIG","1"
"1423","MA","AIR Worldwide","4"
"1424","MA","AKCEA Therapeutics","3"
"1425","MA","ALS TDI","4"
"1426","MA","AMP Agency","1"
"1427","MA","AP Staffing","3"
"1428","MA","AbbVie","8"
"1429","MA","Abcam","4"
"1430","MA","Acadian Asset","1"
"1431","MA","Accelrys, Inc.","1"
"1432","MA","Accenture","2"
"1433","MA","Aegerion Pharmaceuticals, Inc.","1"
"1434","MA","Affect Mental Health","3"
"1435","MA","Agios Pharmaceuticals","6"
"1436","MA","Akamai","1"
"1437","MA","Akebia Therapeutics","3"
"1438","MA","Akili Interactive","1"
"1439","MA","Akrevia Therapeutics","2"
"1440","MA","Akuna Capital","2"
"1441","MA","Alation Inc.","1"
"1442","MA","Alexion Pharmaceuticals,Inc.","4"
"1443","MA","Alnylam","18"
"1444","MA","Amazon Go","1"
"1445","MA","Amazon.com","66"
"1446","MA","Ameriprise Financial","1"
"1447","MA","Amgen","27"
"1448","MA","Analysis Group","1"
"1449","MA","Angiex, Inc.","1"
"1450","MA","Anokion","1"
"1451","MA","Anokion SA","1"
"1452","MA","Apple","2"
"1453","MA","Aptiv","2"
"1454","MA","Aramco Services Company","1"
"1455","MA","Arbor Biotechnologies","1"
"1456","MA","Arm","1"
"1457","MA","Ascent Services Group","1"
"1458","MA","Asimov","1"
"1459","MA","Astellas Pharmaceuticals","1"
"1460","MA","AstraZeneca","1"
"1461","MA","Atrius Health","1"
"1462","MA","Audley Travel","1"
"1463","MA","Aurora Flight Sciences","1"
"1464","MA","Autodesk","7"
"1465","MA","Axcella Health","2"
"1466","MA","BAIN & COMPANY","1"
"1467","MA","BNY Mellon","5"
"1468","MA","BOEING","1"
"1469","MA","Baim Institute for Clinical Research","1"
"1470","MA","Bank of America","2"
"1471","MA","Bay Shore Staffing","1"
"1472","MA","Beclyn Group Recruiting","1"
"1473","MA","Benchling","1"
"1474","MA","Beth Israel Deaconess Medical Center","2"
"1475","MA","Bevi","1"
"1476","MA","Biogen","30"
"1477","MA","Biotech Partners","1"
"1478","MA","BitSight","2"
"1479","MA","Blueprint Medicines","7"
"1480","MA","Bose","1"
"1481","MA","Boston Biomedical","2"
"1482","MA","Boston Children's Hospital","5"
"1483","MA","Boston Medical Center (BMC)","3"
"1484","MA","Boston University","12"
"1485","MA","Brammer Bio","6"
"1486","MA","Brigham & Women's Hospital(BWH)","31"
"1487","MA","Bristol-Myers Squibb","8"
"1488","MA","Broad Institute","49"
"1489","MA","Burning Glass Technologies","1"
"1490","MA","Burst Inc.","1"
"1491","MA","CITIZENS BANK","1"
"1492","MA","CRISPR THERAPEUTICS","6"
"1493","MA","CTG","1"
"1494","MA","Cabot Corporation","1"
"1495","MA","Cambridge Consultants","2"
"1496","MA","Cambridge Consultants Ltd","1"
"1497","MA","Cambridge Trust Company","1"
"1498","MA","Camp4 Therapeutics Corporation","2"
"1499","MA","Canon U.S.A., Inc.","1"
"1500","MA","CarGurus","3"
"1501","MA","Casma Therapuetics","2"
"1502","MA","Catapult Sports","3"
"1503","MA","Celect","4"
"1504","MA","Celgene Corporation","15"
"1505","MA","Certara","1"
"1506","MA","Cervello Inc","1"
"1507","MA","Chadwick Martin Bailey","1"
"1508","MA","Charles River Analytics","5"
"1509","MA","Charles River Analytics Inc.","4"
"1510","MA","Chewy","3"
"1511","MA","Choate, Hall & Stewart LLP","1"
"1512","MA","CiBO Technologies","1"
"1513","MA","Citi","1"
"1514","MA","ClimaCell","2"
"1515","MA","Clinical Solutions Group","1"
"1516","MA","Clora","1"
"1517","MA","Codiak BioSciences","1"
"1518","MA","Cogen Therapeutics","2"
"1519","MA","Cogito Corporation","4"
"1520","MA","Cognition Financial Corporation","1"
"1521","MA","Cogo Labs","3"
"1522","MA","CollegeVine","1"
"1523","MA","Comlinkdata","1"
"1524","MA","Commonwealth Sciences","11"
"1525","MA","Commonwealth of Massachusetts","3"
"1526","MA","Compass Therapeutics LLC","2"
"1527","MA","Concentric Marketing","1"
"1528","MA","Connect VIP","1"
"1529","MA","Constellation Pharmaceuticals","3"
"1530","MA","ContraFect Corporation","1"
"1531","MA","CoreLogic","1"
"1532","MA","Cornerstone Search Group, LLC","1"
"1533","MA","Crop One Holdings, Inc.","1"
"1534","MA","Cugene Inc","1"
"1535","MA","Daley and Associates","1"
"1536","MA","Dana-Farber Cancer Institute","16"
"1537","MA","Danaher","2"
"1538","MA","Darwin Recruitment","7"
"1539","MA","Data+Math","1"
"1540","MA","DataRobot","10"
"1541","MA","Decibel Therapeutics, Inc.","5"
"1542","MA","Decision Resources Group","2"
"1543","MA","Department of Transportation","1"
"1544","MA","Dicerna","2"
"1545","MA","DigitasLBi","5"
"1546","MA","Dimension Therapeutics","3"
"1547","MA","Diverse Lynx","1"
"1548","MA","Draper","19"
"1549","MA","ENGIE Insight","2"
"1550","MA","EY","2"
"1551","MA","Eastern Bank","1"
"1552","MA","Eaton Vance","1"
"1553","MA","Edelman & Associates","1"
"1554","MA","Elsevier","1"
"1555","MA","Enel Green Power North America","1"
"1556","MA","EnerNOC","1"
"1557","MA","Epizyme","1"
"1558","MA","Etiometry","1"
"1559","MA","Evelo Biosciences","1"
"1560","MA","EverQuote","1"
"1561","MA","Evidera","2"
"1562","MA","Executive Alliance","1"
"1563","MA","Exonics Therapeutics","1"
"1564","MA","Facebook","2"
"1565","MA","Fanning Personnel","1"
"1566","MA","Fidelity Investments","5"
"1567","MA","Foghorn Therapeutics","2"
"1568","MA","Foundation Medicine, Inc.","9"
"1569","MA","Freebird","2"
"1570","MA","Fulcrum Therapeutics","2"
"1571","MA","GNS Healthcare","2"
"1572","MA","GQR Global Markets","1"
"1573","MA","Gartner","1"
"1574","MA","Genedata","1"
"1575","MA","General Electric","6"
"1576","MA","Generation Bio","4"
"1577","MA","Ginkgo Bioworks","7"
"1578","MA","Global Pharmaceutical Company via RCH Solutions","1"
"1579","MA","Goldfinch Bio","2"
"1580","MA","Google","4"
"1581","MA","GovernmentCIO","1"
"1582","MA","Grata Data","1"
"1583","MA","Gritstone Oncology","1"
"1584","MA","Growth Technical Staffing","1"
"1585","MA","H3 Biomedicine","3"
"1586","MA","HDR","1"
"1587","MA","Haley & Aldrich","1"
"1588","MA","Harnham","12"
"1589","MA","Harvard Pilgrim Health Care","3"
"1590","MA","Harvard University","21"
"1591","MA","HaulHub, Inc.","1"
"1592","MA","HawkinsPointPartners","2"
"1593","MA","HiFiBiO Therapeutics","1"
"1594","MA","HiTS","3"
"1595","MA","HireMinds","3"
"1596","MA","Hometap","1"
"1597","MA","Hopjump","1"
"1598","MA","Hopper","3"
"1599","MA","Howard Hughes Medical Institute","5"
"1600","MA","HubSpot","3"
"1601","MA","Humana","1"
"1602","MA","Humanyze","1"
"1603","MA","Hunter BioDiscovery","1"
"1604","MA","IBM","10"
"1605","MA","ICF","1"
"1606","MA","IHS Markit","2"
"1607","MA","IQVIA","1"
"1608","MA","Icon plc","2"
"1609","MA","Inari Agriculture","2"
"1610","MA","Indigo","9"
"1611","MA","Initiative for a Competitive Inner City (ICIC)","2"
"1612","MA","Insurify","1"
"1613","MA","Intellia","5"
"1614","MA","InterSystems Corporation","2"
"1615","MA","Invenia Resourcing","1"
"1616","MA","Invicro","5"
"1617","MA","J.E. Ranta Associates","1"
"1618","MA","JUUL Labs","2"
"1619","MA","Jenzabar, Inc","2"
"1620","MA","John Hancock","3"
"1621","MA","John Leonard","1"
"1622","MA","Johnson & Johnson Family of Companies","4"
"1623","MA","Joseph J. Blake & Associates, Inc.","1"
"1624","MA","KAYAK","1"
"1625","MA","KPMG","1"
"1626","MA","KSQ Therapeutics","4"
"1627","MA","Karen Clark & Company","2"
"1628","MA","Keypoint Intelligence","1"
"1629","MA","Kintai Therapeutics","1"
"1630","MA","Klaviyo","3"
"1631","MA","Klein Hersh International","2"
"1632","MA","Klein Management Systems","1"
"1633","MA","Kleinfelder","1"
"1634","MA","Kleinfelder, Inc.","1"
"1635","MA","Kronos Bio","1"
"1636","MA","LNS Research","2"
"1637","MA","LOCKHEED MARTIN CORPORATION","1"
"1638","MA","LPL Financial","1"
"1639","MA","Lab126","15"
"1640","MA","Legendary Applied Analytics","2"
"1641","MA","Level Education from Northeastern University","1"
"1642","MA","Liberty Mutual","3"
"1643","MA","LifeMine","1"
"1644","MA","Lightelligence","2"
"1645","MA","Lightmatter","2"
"1646","MA","Locke Careers","2"
"1647","MA","LogMeIn","1"
"1648","MA","Loomis, Sayles & Company, L.P.","1"
"1649","MA","Lovepop","1"
"1650","MA","Lux Research Inc","1"
"1651","MA","Lynx, Inc.","1"
"1652","MA","M.Gemi","2"
"1653","MA","MARC USA LLC","1"
"1654","MA","MFS Investment Management","2"
"1655","MA","MGH & BWH Center for Clinical Data Science","3"
"1656","MA","MIT","10"
"1657","MA","MONSANTO","1"
"1658","MA","Manulife","2"
"1659","MA","Manulife Financial","2"
"1660","MA","MassMutual","5"
"1661","MA","Massachusetts Eye and Ear Infirmary","2"
"1662","MA","Massachusetts General Hospital(MGH)","22"
"1663","MA","Mathematica Policy Research","4"
"1664","MA","McKinsey & Company","5"
"1665","MA","Merck","10"
"1666","MA","Merrimack Pharmaceuticals","2"
"1667","MA","Mersana Therapeutics","2"
"1668","MA","Micro Tech Staffing Group","1"
"1669","MA","Microsoft","10"
"1670","MA","Midaxo","1"
"1671","MA","Moderna Therapeutics, Inc","10"
"1672","MA","NDT.com","3"
"1673","MA","Nanigans","1"
"1674","MA","Nanocellect Biomedical Inc.","1"
"1675","MA","Natixis Investment Managers","1"
"1676","MA","Neon Therapeutics","3"
"1677","MA","Neurable","1"
"1678","MA","Newton Colmore Consulting Ltd","1"
"1679","MA","Nielsen","1"
"1680","MA","Nift","3"
"1681","MA","Nift Networks","3"
"1682","MA","Nike","1"
"1683","MA","Northeastern University","4"
"1684","MA","Northrop Grumman","2"
"1685","MA","Novartis","13"
"1686","MA","Nucleus Research","1"
"1687","MA","OM1","1"
"1688","MA","Obsidian Therapeutics","1"
"1689","MA","Odonate Therapeutics","1"
"1690","MA","Omega Therapeutics","1"
"1691","MA","Oncorus","3"
"1692","MA","Ontoforce NV","2"
"1693","MA","Open Data Science, LLC","2"
"1694","MA","PHASTAR","1"
"1695","MA","PPD","2"
"1696","MA","Panjiva","5"
"1697","MA","Partners HealthCare(PHS)","5"
"1698","MA","Pearson","1"
"1699","MA","Peloton","1"
"1700","MA","PerkinElmer","2"
"1701","MA","Personnel Management Consultants","1"
"1702","MA","Pfizer","7"
"1703","MA","Pfizer Inc.","16"
"1704","MA","Pharmerit International","2"
"1705","MA","Physical Sciences Inc.","2"
"1706","MA","PillPack","1"
"1707","MA","Pioneer Data Systems, Inc","1"
"1708","MA","Pluralsight","3"
"1709","MA","ProClinical","3"
"1710","MA","Procter & Gamble","1"
"1711","MA","Prometrika","1"
"1712","MA","PureTech Health","3"
"1713","MA","Quantifind","1"
"1714","MA","QuantumBlack","8"
"1715","MA","QuintilesIMS","1"
"1716","MA","R&D Partners","2"
"1717","MA","Ra Pharmaceutical","1"
"1718","MA","Ra Pharmaceuticals","3"
"1719","MA","Raindance Partners Recruiting","1"
"1720","MA","Raytheon","2"
"1721","MA","Realtime Robotics","1"
"1722","MA","Recorded Future","1"
"1723","MA","Recruitomics Consulting","4"
"1724","MA","Resource Technology Partners","4"
"1725","MA","Riverside Research","1"
"1726","MA","RootPath Genomics","1"
"1727","MA","Ropes & Gray","1"
"1728","MA","Rubius Therapeutics","9"
"1729","MA","Rue La La","2"
"1730","MA","S&P GLOBAL MARKET INTELLIGENCE","1"
"1731","MA","S&P Global Ratings","2"
"1732","MA","SSC","1"
"1733","MA","Sage Therapeutics","5"
"1734","MA","Sanofi","27"
"1735","MA","Santander Bank","1"
"1736","MA","Sapient Global Markets","1"
"1737","MA","Sarepta Therapeutics","4"
"1738","MA","Schireson","3"
"1739","MA","Scholar Rock","1"
"1740","MA","Seres Therapeutics, Inc.","2"
"1741","MA","Seven Bridges","1"
"1742","MA","Shire Pharmaceuticals","10"
"1743","MA","Signify","5"
"1744","MA","SimScale","1"
"1745","MA","Skyhook Wireless","1"
"1746","MA","SmartPharm Therapeutics","1"
"1747","MA","Social Fulcrum","2"
"1748","MA","Solid Biosciences","7"
"1749","MA","Solidus Technical Solutions","1"
"1750","MA","Sophia Genetics","1"
"1751","MA","Soroco","1"
"1752","MA","Spaulding HospitalâBoston & Cambridge(SRN,SRH,SHC)","1"
"1753","MA","Spotify","4"
"1754","MA","State Street","8"
"1755","MA","Strategic Employment Partners","2"
"1756","MA","Stroz Friedberg","1"
"1757","MA","TUFTS University","3"
"1758","MA","TVision Insights","2"
"1759","MA","Takeda Pharmaceutical","30"
"1760","MA","Techpros","1"
"1761","MA","TekPartners, A P2P Company","1"
"1762","MA","Tessella","1"
"1763","MA","TetraScience","4"
"1764","MA","Thomson Reuters","1"
"1765","MA","Thor Life Sciences","1"
"1766","MA","TiVo","1"
"1767","MA","Tremor","2"
"1768","MA","True Fit","1"
"1769","MA","TrueMotion","5"
"1770","MA","Twitter","6"
"1771","MA","U.S. Federal Government","4"
"1772","MA","Ultragenyx Pharmaceutical","3"
"1773","MA","UniBit Inc.","1"
"1774","MA","UnitedHealth Group","4"
"1775","MA","Unum Therapeutics","4"
"1776","MA","VHB","1"
"1777","MA","VIE HIRE","2"
"1778","MA","Vaxess Technologies","1"
"1779","MA","Vertex","17"
"1780","MA","Vertex Pharmaceuticals","18"
"1781","MA","ViralGains Inc.","1"
"1782","MA","Voluntis","1"
"1783","MA","WHOOP","1"
"1784","MA","Wayfair","22"
"1785","MA","Wells Fargo","1"
"1786","MA","Whitehead Institute","1"
"1787","MA","WinterWyman","2"
"1788","MA","Wiss, Janney, Elstner Associates","1"
"1789","MA","Woodlyn Partners, Inc.","1"
"1790","MA","Workbridge Associates","6"
"1791","MA","X4 Pharmaceuticals","1"
"1792","MA","XL Catlin","1"
"1793","MA","Year Up","1"
"1794","MA","Yumanity","1"
"1795","MA","Zylotech","2"
"1796","MA","bluebird bio","12"
"1797","MA","eGenesis","2"
"1798","MA","edX","1"
"1799","MA","eviCore healthcare","1"
"1800","MA","h2o.ai","1"
"1801","NJ","ADP","1"
"1802","NJ","AeroFarms","1"
"1803","NJ","BMW North America","1"
"1804","NJ","Bayer","1"
"1805","NJ","Becton Dickinson & Company","1"
"1806","NJ","Bed Bath & Beyond","2"
"1807","NJ","C. R. Bard","1"
"1808","NJ","Capgemini","2"
"1809","NJ","Certara","1"
"1810","NJ","Dun & Bradstreet","1"
"1811","NJ","Eagle SNG","1"
"1812","NJ","Eurofins Lancaster Laboratories Professional Scientific Services, LLC","1"
"1813","NJ","Everest Clinical Research","1"
"1814","NJ","Fractal Analytics","2"
"1815","NJ","GEI Consultants Inc","1"
"1816","NJ","GENEWIZ, Inc.","2"
"1817","NJ","Hampton-Clarke, Inc","1"
"1818","NJ","Hitachi Chemical Advanced Therapeutics Solutions, LLC (formerly PCT Cell Therapy Services, LLC)","1"
"1819","NJ","Insight Health Analytics","1"
"1820","NJ","JP Morgan Chase","3"
"1821","NJ","Kavyos Consulting Inc","1"
"1822","NJ","Kessler Foundation","1"
"1823","NJ","Mallinckrodt","1"
"1824","NJ","Matrix New World Engineering","1"
"1825","NJ","Merck","2"
"1826","NJ","Molecular Templates Inc","1"
"1827","NJ","Mondelez International","1"
"1828","NJ","Montclair State University","2"
"1829","NJ","NOKIA","2"
"1830","NJ","NTT DATA Services","1"
"1831","NJ","NV5","1"
"1832","NJ","Network ESC","1"
"1833","NJ","Prudential","3"
"1834","NJ","RBC","1"
"1835","NJ","Ridgewood Diagnostic Laboratory","1"
"1836","NJ","Rutgers University","5"
"1837","NJ","SGS","1"
"1838","NJ","SKIM","1"
"1839","NJ","Sanofi","1"
"1840","NJ","Sensient Technologies Corporation","1"
"1841","NJ","Stevens Institute of Technology","1"
"1842","NJ","Sun Chemical Corporation","1"
"1843","NJ","TRANZACT","1"
"1844","NJ","The Children's Place","1"
"1845","NJ","Topcon Medical Systems, Inc.","1"
"1846","NJ","Verisk Analytics","1"
"1847","NJ","Verisk Maplecroft","1"
"1848","NJ","Verra Mobility","1"
"1849","NJ","Wittaff Inc.","1"
"1850","NJ","Wood","1"
"1851","NJ","aven pharma & tech llc","1"
"1852","NJ","fractalanalytics","2"
"1853","NY","1199SEIU Family of Funds","1"
"1854","NY","2U","1"
"1855","NY","3Q Digital","1"
"1856","NY","605","1"
"1857","NY","7Park Data","3"
"1858","NY","A+E Networks","1"
"1859","NY","ACLU","4"
"1860","NY","ACT Commodities","1"
"1861","NY","ADMIN FOR CHILDREN'S SVCS","2"
"1862","NY","ADP","1"
"1863","NY","AIG","4"
"1864","NY","AT&T","2"
"1865","NY","AXA General Insurance","1"
"1866","NY","AXIS Insurance","1"
"1867","NY","Accenture","1"
"1868","NY","Acuris","1"
"1869","NY","AdTheorent","1"
"1870","NY","Adaptive Management","2"
"1871","NY","Aetna","4"
"1872","NY","AiCure","1"
"1873","NY","Albert Einstein College of Medicine","6"
"1874","NY","AllianceBernstein","3"
"1875","NY","Allianz Global Corporate & Specialty","1"
"1876","NY","Alpha","1"
"1877","NY","Alphasights: Engineering","1"
"1878","NY","Altice USA","1"
"1879","NY","Amazon.com","13"
"1880","NY","AmeriCorps","1"
"1881","NY","American Environmental Assessment","1"
"1882","NY","American Express","3"
"1883","NY","Amplify Education, Inc.","1"
"1884","NY","Analytic Recruiting","4"
"1885","NY","Annalect","3"
"1886","NY","Apex Staffing, Inc.","1"
"1887","NY","App Info","1"
"1888","NY","AppNexus","1"
"1889","NY","Applecart","2"
"1890","NY","Aptus Health","1"
"1891","NY","Attorney General, Office of the","1"
"1892","NY","Autonomous Therapeutics","1"
"1893","NY","Averity","8"
"1894","NY","Axioma Inc.","1"
"1895","NY","Ayasdi","1"
"1896","NY","BARK","1"
"1897","NY","BNP Paribas","2"
"1898","NY","BNY Mellon","1"
"1899","NY","Balyasny","2"
"1900","NY","Bank of America","6"
"1901","NY","Basepair","1"
"1902","NY","Beeswax","1"
"1903","NY","BenevolentAI","4"
"1904","NY","Betterment LLC","1"
"1905","NY","Big Cloud","1"
"1906","NY","Big Mirror Labs","1"
"1907","NY","BlackRock","1"
"1908","NY","Blackboard Insurance","1"
"1909","NY","Blockstack","1"
"1910","NY","Bloomberg","4"
"1911","NY","Bloomingdale's","1"
"1912","NY","Blue Apron","1"
"1913","NY","Blue Bottle Coffee","1"
"1914","NY","Blue Mesa Health","1"
"1915","NY","BlueRock Therapeutics","3"
"1916","NY","Bluecore","2"
"1917","NY","Bombfell, Inc.","1"
"1918","NY","Bonobos","2"
"1919","NY","Bowery Farming","1"
"1920","NY","Boxed","1"
"1921","NY","Bread Finance","2"
"1922","NY","Bridges and Tunnels","1"
"1923","NY","Bright Power","1"
"1924","NY","Brown Brothers Harriman","2"
"1925","NY","Businesses UNITED TECHNOLOGIES CORP. HEADQUARTERS","3"
"1926","NY","Butterfly Network","1"
"1927","NY","BuzzFeed","6"
"1928","NY","CBRE","1"
"1929","NY","CBS Corporate","2"
"1930","NY","CBS Television Network","1"
"1931","NY","CONSUMER AFFAIRS","1"
"1932","NY","CalliĂšre Group","1"
"1933","NY","Candid Co.","2"
"1934","NY","Capgemini","1"
"1935","NY","Capital One","7"
"1936","NY","Casper","1"
"1937","NY","Celect","1"
"1938","NY","Celonis","1"
"1939","NY","Children's Tumor Foundation","1"
"1940","NY","Citi","4"
"1941","NY","Cityblock Health","1"
"1942","NY","Civic Hall","2"
"1943","NY","Clarity Insights","1"
"1944","NY","Cognizant","2"
"1945","NY","Coinlist","1"
"1946","NY","Columbia University","15"
"1947","NY","Columbia University Medical Center","2"
"1948","NY","Comcast","1"
"1949","NY","Conde Nast","1"
"1950","NY","Construction Realty Services Group","1"
"1951","NY","Conversion Logic","1"
"1952","NY","Conviva","1"
"1953","NY","Correlation One","3"
"1954","NY","Credibly","1"
"1955","NY","Credit Suisse","1"
"1956","NY","CrĂ©dit Agricole CIB","1"
"1957","NY","Cushman & Wakefield","1"
"1958","NY","Custoria","1"
"1959","NY","DEPARTMENT OF CITY PLANNING","2"
"1960","NY","DEPARTMENT OF FINANCE","3"
"1961","NY","DEPARTMENT OF SANITATION","1"
"1962","NY","DEPARTMENT OF TRANSPORTATION","2"
"1963","NY","DEPT OF ENVIRONMENT PROTECTION","4"
"1964","NY","DEPT OF HEALTH/MENTAL HYGIENE","20"
"1965","NY","DEPT OF INFO TECH & TELECOMM","1"
"1966","NY","DEPT OF PARKS & RECREATION","1"
"1967","NY","Dailymotion","1"
"1968","NY","Darwin Recruitment","1"
"1969","NY","Dashlane","1"
"1970","NY","DataAxxis","1"
"1971","NY","DataCamp","2"
"1972","NY","DataMasters","1"
"1973","NY","DataRobot","1"
"1974","NY","Datadog","1"
"1975","NY","Dataiku","3"
"1976","NY","Dataminr","2"
"1977","NY","Daugherty New York","1"
"1978","NY","Defined Clarity","1"
"1979","NY","Delos","1"
"1980","NY","DigitasLBi","9"
"1981","NY","Diligent","1"
"1982","NY","Dirty Lemon Beverages","1"
"1983","NY","Diverse Lynx","1"
"1984","NY","DoSomething.org","1"
"1985","NY","DonorsChoose.org","1"
"1986","NY","Dotdash","1"
"1987","NY","Dow Jones","3"
"1988","NY","Drug Policy Alliance","1"
"1989","NY","East River BioSolutions, Inc.","1"
"1990","NY","Eclaro","1"
"1991","NY","EcoHealth Alliance","1"
"1992","NY","Edison Software, Inc.","1"
"1993","NY","Elenion Technologies","1"
"1994","NY","Eli Lilly","1"
"1995","NY","Elsevier","1"
"1996","NY","Empyreal Realty","2"
"1997","NY","Engage Partners","1"
"1998","NY","Environmental Defense Fund","1"
"1999","NY","Envision Horizons","1"
"2000","NY","Esha IT","1"
"2001","NY","Etsy","2"
"2002","NY","Excellent Business Consultants","1"
"2003","NY","Explore Group Inc","3"
"2004","NY","Ezra Penland Actuarial Recruitment","1"
"2005","NY","FBR & Co.","1"
"2006","NY","FIRE DEPARTMENT","2"
"2007","NY","Facebook","11"
"2008","NY","FanDuel","1"
"2009","NY","Fareportal Inc.","1"
"2010","NY","Farfetch","1"
"2011","NY","Federal Reserve Bank of New York","1"
"2012","NY","Feedvisor","1"
"2013","NY","Finra","1"
"2014","NY","First Derivatives plc","1"
"2015","NY","First Republic Bank","1"
"2016","NY","First Soft Solutions LLC","1"
"2017","NY","Fitch Ratings","1"
"2018","NY","Flatiron Health","1"
"2019","NY","Fluid Intelligence","1"
"2020","NY","Forcepoint","1"
"2021","NY","Foursquare","4"
"2022","NY","Frank N. Magid Associates, Inc.","1"
"2023","NY","Freestar","1"
"2024","NY","Fresh Digital Group","1"
"2025","NY","Freshly","2"
"2026","NY","Fulcrum Analytics","1"
"2027","NY","GA Instructor","1"
"2028","NY","GUTTMACHER","3"
"2029","NY","GZA","1"
"2030","NY","Gallup","1"
"2031","NY","Galvanize","1"
"2032","NY","Gemological Institute of America","1"
"2033","NY","Getty Images","3"
"2034","NY","Global Atlantic Financial Group","1"
"2035","NY","Glocomms","1"
"2036","NY","Goldman Sachs","10"
"2037","NY","Google","8"
"2038","NY","Gro Intelligence","6"
"2039","NY","Group One Trading","1"
"2040","NY","Group SJR","1"
"2041","NY","GroupM","1"
"2042","NY","Grubhub","2"
"2043","NY","Guardian Life Insurance Company","1"
"2044","NY","Guidepoint Global","1"
"2045","NY","Guttmacher Institute","1"
"2046","NY","HBO","1"
"2047","NY","HDR","1"
"2048","NY","HOUSING PRESERVATION & DVLPMNT","1"
"2049","NY","Handshake Partners, LLC","1"
"2050","NY","Hanweck Associates","1"
"2051","NY","Hap Capital","2"
"2052","NY","Harnham","6"
"2053","NY","Harry's","1"
"2054","NY","Hearts and Science","1"
"2055","NY","HelloFresh","3"
"2056","NY","HistoWiz","2"
"2057","NY","Hospital for Special Surgery","3"
"2058","NY","Hudson River Trading","4"
"2059","NY","IBM","3"
"2060","NY","ICF","1"
"2061","NY","IJC Associates","1"
"2062","NY","IQ Workforce","1"
"2063","NY","IQVIA","1"
"2064","NY","ITL USA","1"
"2065","NY","Infomatics Corp","1"
"2066","NY","Insider Inc.","2"
"2067","NY","Insight Strategy Group","1"
"2068","NY","Insticator Inc","1"
"2069","NY","Instrumentation Laboratory","1"
"2070","NY","Integral Ad Science","2"
"2071","NY","Intent Media","1"
"2072","NY","Interactive Brokers","2"
"2073","NY","Intercontinental Exchange","1"
"2074","NY","International AIDS Vaccine Initiative","1"
"2075","NY","International Flavors and Fragrances","1"
"2076","NY","Invesco","2"
"2077","NY","Ipsos North America","3"
"2078","NY","J.Crew Group, Inc.","2"
"2079","NY","JLL","1"
"2080","NY","JP Morgan Chase","21"
"2081","NY","Jefferies & Company, Inc.","1"
"2082","NY","Jopwell","1"
"2083","NY","Joseph Gunnar & Co., LLC","1"
"2084","NY","KDR recruitment","1"
"2085","NY","KOCH SUPPLY AND TRADING","1"
"2086","NY","KPMG","17"
"2087","NY","Kate Spade & Company","1"
"2088","NY","Kelton Global","1"
"2089","NY","King.com","1"
"2090","NY","Komodo Health","1"
"2091","NY","Koneksa Health","1"
"2092","NY","Lancer Insurance Company","1"
"2093","NY","LawTrades","1"
"2094","NY","Le CultureClub","1"
"2095","NY","LearnVest","1"
"2096","NY","Lennon Wright","1"
"2097","NY","Liberty Lending, LLC","1"
"2098","NY","Lorven Technologies","1"
"2099","NY","MRY","1"
"2100","NY","Macy's","1"
"2101","NY","Marina Maher Communications","1"
"2102","NY","Marsh","1"
"2103","NY","Marsh & McLennan Companies","1"
"2104","NY","Match","1"
"2105","NY","Maxus","1"
"2106","NY","McKinsey & Company","10"
"2107","NY","Medidata Solutions","3"
"2108","NY","Memorial Sloan Kettering","7"
"2109","NY","Merkle Inc.","1"
"2110","NY","Metro-Goldwyn-Mayer Studios","1"
"2111","NY","MetroPlus Health Plan","1"
"2112","NY","Metropolitan Transportation Authority","1"
"2113","NY","Microsoft","3"
"2114","NY","Milken Institute","1"
"2115","NY","Milliman","1"
"2116","NY","Mindshare","1"
"2117","NY","Morgan Stanley","4"
"2118","NY","Morningstar","1"
"2119","NY","Motivate International Inc.","1"
"2120","NY","Mount Sinai","8"
"2121","NY","Mount Sinai Health System","2"
"2122","NY","Movable Ink","1"
"2123","NY","NBCUniversal","1"
"2124","NY","NIKE INC","2"
"2125","NY","NRT New York LLC","1"
"2126","NY","NYC Administration for Children's Services","1"
"2127","NY","NYP/Weill Cornell Medical Center","3"
"2128","NY","NYU Langone Health","77"
"2129","NY","National Center for CryoEM Access and Training (NCCAT)","1"
"2130","NY","National CineMedia","1"
"2131","NY","National Debt Relief","1"
"2132","NY","Natural Resources Defense Council","4"
"2133","NY","Nautilus Labs","1"
"2134","NY","Networkers","1"
"2135","NY","Neuberger Berman","1"
"2136","NY","New Amsterdam Partners LLC","1"
"2137","NY","New Classrooms","1"
"2138","NY","New Post Search","1"
"2139","NY","New York City Transit","1"
"2140","NY","New York Genome Center","2"
"2141","NY","New York Life Insurance Co","8"
"2142","NY","New York State Office of the Attorney General","1"
"2143","NY","New York State Office of the Attorney General (OAG)","1"
"2144","NY","New York Stem Cell Foundation","1"
"2145","NY","New York University","6"
"2146","NY","NewsCred","1"
"2147","NY","Newsela","1"
"2148","NY","Nexcelom Bioscience","1"
"2149","NY","Nielsen","3"
"2150","NY","Northwell Health","2"
"2151","NY","Northwestern Mutual Life Insurance Company","1"
"2152","NY","OFFICE OF MANAGEMENT & BUDGET","2"
"2153","NY","OKCupid","1"
"2154","NY","OPCOM","1"
"2155","NY","OUTFRONT media","1"
"2156","NY","Oath Inc","3"
"2157","NY","Oliver Wyman","1"
"2158","NY","Open Systems Technologies, Inc.","3"
"2159","NY","OppenheimerFunds","3"
"2160","NY","Options Group","1"
"2161","NY","Organic","1"
"2162","NY","Oscar Insurance","3"
"2163","NY","PS&S","1"
"2164","NY","Pager","1"
"2165","NY","Paige.ai","1"
"2166","NY","Pall","1"
"2167","NY","Panaseer","1"
"2168","NY","Pandora Media, Inc.","1"
"2169","NY","Park Assist LLC","1"
"2170","NY","Parsec Media","1"
"2171","NY","Payette Group","1"
"2172","NY","Penske Media Corp.","1"
"2173","NY","People With Developmental Disabilities, Office for","1"
"2174","NY","PepsiCo","1"
"2175","NY","Persado","1"
"2176","NY","Pivotal Software","1"
"2177","NY","PlaceIQ","1"
"2178","NY","Population Council","1"
"2179","NY","Primary Search Management","1"
"2180","NY","Projectline","1"
"2181","NY","Prometheus Global Media","1"
"2182","NY","PulsePoint","2"
"2183","NY","PwC","1"
"2184","NY","Quartet","1"
"2185","NY","Quentis Therapeutics, Inc","1"
"2186","NY","Quest Groups LLC","1"
"2187","NY","R/GA","2"
"2188","NY","RBC","1"
"2189","NY","ROKT","1"
"2190","NY","Rauxa","1"
"2191","NY","Redfin","1"
"2192","NY","Refinery29","1"
"2193","NY","Rent the Runway","1"
"2194","NY","Reorg Research","2"
"2195","NY","Research Foundation for Mental Hygiene, Inc.","1"
"2196","NY","Research Foundation of The City University of New York","1"
"2197","NY","Research Now","1"
"2198","NY","Robert W. Baird","1"
"2199","NY","Rockets of Awesome","1"
"2200","NY","Rockstar New York","2"
"2201","NY","S&P DOW JONES INDICES","1"
"2202","NY","S&P GLOBAL MARKET INTELLIGENCE","2"
"2203","NY","S&P Global","3"
"2204","NY","S&P Global Ratings","1"
"2205","NY","S.C. International","1"
"2206","NY","SEMA4","1"
"2207","NY","SG Analytics","1"
"2208","NY","SKA","1"
"2209","NY","SQAD LLC","1"
"2210","NY","SRS Investment Management","1"
"2211","NY","SSC","1"
"2212","NY","Sapient Global Markets","1"
"2213","NY","Sartorius","1"
"2214","NY","Sartorius Corporation","2"
"2215","NY","Schireson","4"
"2216","NY","Scienaptic Systems Inc","2"
"2217","NY","Seaport Global Holdings LLC","1"
"2218","NY","Service Employees International Union","1"
"2219","NY","Showtime","1"
"2220","NY","Shutterstock","1"
"2221","NY","Simon Data","1"
"2222","NY","Simons Foundation","10"
"2223","NY","SiriusXM","2"
"2224","NY","Skoop Analytics, Inc.","1"
"2225","NY","Slack","1"
"2226","NY","Slice","1"
"2227","NY","Smartly","1"
"2228","NY","Smith Hanley Associates","2"
"2229","NY","Socure","1"
"2230","NY","Solomon Page","1"
"2231","NY","Sothebyâs","1"
"2232","NY","Source One","1"
"2233","NY","Spark Foundry","1"
"2234","NY","SpinCar","1"
"2235","NY","Spotify","9"
"2236","NY","Springer Nature","3"
"2237","NY","Square","1"
"2238","NY","Squarespace","3"
"2239","NY","Stacey Kostue Consulting","1"
"2240","NY","Starry, Inc.","1"
"2241","NY","StepStone Group LP","1"
"2242","NY","Stroz Friedberg","1"
"2243","NY","Suzy","1"
"2244","NY","Sweeten","1"
"2245","NY","Synechron","1"
"2246","NY","T. Rowe Price","1"
"2247","NY","TBWA\WorldHealth","1"
"2248","NY","TD Securities","1"
"2249","NY","TIAA","1"
"2250","NY","TMP Worldwide","1"
"2251","NY","Talent & Acquisition LLC","2"
"2252","NY","Talent Management Solutions","1"
"2253","NY","Tang Capital Management","1"
"2254","NY","Tapestry","1"
"2255","NY","TekPartners, A P2P Company","1"
"2256","NY","Tephra Inc","1"
"2257","NY","Thasos Group","2"
"2258","NY","The Boston Consulting Group","2"
"2259","NY","The College Board","1"
"2260","NY","The Expert Institute","1"
"2261","NY","The Future Project","1"
"2262","NY","The Hagan-Ricci Group, Inc.","2"
"2263","NY","The Hartford","1"
"2264","NY","The Helmsley Charitable Trust","1"
"2265","NY","The New School","2"
"2266","NY","The New York Times","2"
"2267","NY","The Rockefeller University","1"
"2268","NY","The University of Chicago","2"
"2269","NY","Thomas Publishing Company LLC","1"
"2270","NY","ThoughtWorks","1"
"2271","NY","Tier1 IT","1"
"2272","NY","Tilting Point","1"
"2273","NY","Townsquare Media","1"
"2274","NY","Transfix.io","1"
"2275","NY","Tremor","1"
"2276","NY","Tremor Video DSP","1"
"2277","NY","Trialspark","1"
"2278","NY","TripleLift","2"
"2279","NY","TrueFacet","1"
"2280","NY","Twentieth Television","1"
"2281","NY","Twitter","2"
"2282","NY","Two Sigma Investments, LLC.","8"
"2283","NY","UBS","3"
"2284","NY","UHY LLP","1"
"2285","NY","UNICEF","1"
"2286","NY","UNTUCKit","1"
"2287","NY","Uber","3"
"2288","NY","United Nations Development Programme (UNDP)","1"
"2289","NY","VISITING NURSE SERVICE OF NEW YORK","2"
"2290","NY","VTS3","1"
"2291","NY","Venmo","1"
"2292","NY","Vera Institute of Justice","3"
"2293","NY","Verizon","2"
"2294","NY","Vettery","1"
"2295","NY","Via","5"
"2296","NY","Viacom","2"
"2297","NY","Vichara","1"
"2298","NY","Viome","1"
"2299","NY","Wachsman","1"
"2300","NY","Wade & Wendy","1"
"2301","NY","WeWork Global Technology","2"
"2302","NY","Weber Shandwick","1"
"2303","NY","Weight Watchers International","2"
"2304","NY","Weill Cornell Medicine","10"
"2305","NY","Westwood One","1"
"2306","NY","White Bay Group","1"
"2307","NY","Wunderman","3"
"2308","NY","Xaxis","3"
"2309","NY","ZX Ventures","3"
"2310","NY","[m]Platform","1"
"2311","NY","letgo","1"
"2312","NY","thoughtmatrix","1"
"2313","TX","A-Line Staffing","1"
"2314","TX","APTIM","1"
"2315","TX","Abbott Laboratories","1"
"2316","TX","Accenture","1"
"2317","TX","Advanced Micro Devices, Inc.","8"
"2318","TX","Amazon.com","2"
"2319","TX","Anaconda","2"
"2320","TX","Apple","5"
"2321","TX","Applied Systems Inc.","2"
"2322","TX","Arm","3"
"2323","TX","Asuragen","4"
"2324","TX","Atkins","2"
"2325","TX","Atlas Wearables","1"
"2326","TX","Avanade","1"
"2327","TX","B3 Group Inc","2"
"2328","TX","Banks Environmental Data","1"
"2329","TX","Black & Veatch","1"
"2330","TX","BlackLocus","3"
"2331","TX","Burns & McDonnell","1"
"2332","TX","CACI","4"
"2333","TX","CDK Global","1"
"2334","TX","CDM Smith","1"
"2335","TX","COMPTROLLER OF PUBLIC ACCOUNTS","1"
"2336","TX","Centene Corporation","1"
"2337","TX","City of Austin","2"
"2338","TX","Clockwork Solutions","3"
"2339","TX","Code Pilot","1"
"2340","TX","Cognitive Scale","7"
"2341","TX","Cubic Corporation","1"
"2342","TX","DELL","7"
"2343","TX","Dau International LLC","1"
"2344","TX","Deeter Investments LLP","1"
"2345","TX","Dematic","1"
"2346","TX","Dremio","1"
"2347","TX","EY","1"
"2348","TX","Effective Spend","1"
"2349","TX","Fractal Analytics","1"
"2350","TX","General Assembly","1"
"2351","TX","General Electric","1"
"2352","TX","General Motors","1"
"2353","TX","Google","1"
"2354","TX","HDR","1"
"2355","TX","Health & Human Services Comm","2"
"2356","TX","HeartFlow","1"
"2357","TX","HireStarter","1"
"2358","TX","IBM","2"
"2359","TX","ICF","6"
"2360","TX","ICU Medical, Inc.","1"
"2361","TX","IHS Markit","1"
"2362","TX","Inzone","1"
"2363","TX","KEYW Corporation","1"
"2364","TX","KLA-Tencor","3"
"2365","TX","KNIME","2"
"2366","TX","Keller Williams","1"
"2367","TX","Kelvin","2"
"2368","TX","LawnStarter","1"
"2369","TX","Ledcor","1"
"2370","TX","Legislative Budget Board","1"
"2371","TX","Lighthouse Lab Services","1"
"2372","TX","NOKIA","2"
"2373","TX","NVIDIA","2"
"2374","TX","NXP Semiconductors","1"
"2375","TX","Natera","8"
"2376","TX","National Instruments","6"
"2377","TX","National Oilwell Varco","1"
"2378","TX","National instrument","3"
"2379","TX","New Iron Group, Inc.","1"
"2380","TX","Novi Labs","1"
"2381","TX","PAE","1"
"2382","TX","PLAYSTUDIOS Inc","1"
"2383","TX","POWER Engineers, Inc.","1"
"2384","TX","Pacific Investment Management Company LLC","2"
"2385","TX","Pearson","1"
"2386","TX","Premierehire","1"
"2387","TX","Prestige Staffing","1"
"2388","TX","R/GA","1"
"2389","TX","RecruiterDNA","1"
"2390","TX","RetailMeNot, Inc.","2"
"2391","TX","RockBridge Search & Recruitment","1"
"2392","TX","SAIC","1"
"2393","TX","SHI International Corp.","1"
"2394","TX","SPK Consultants Inc","1"
"2395","TX","Santanna Energy Services","1"
"2396","TX","ScaleFactor, Inc.","1"
"2397","TX","Schireson","1"
"2398","TX","Senseye","2"
"2399","TX","Sensoleak","1"
"2400","TX","Seton Family of Hospitals, TX","1"
"2401","TX","Sonic Healthcare USA","1"
"2402","TX","SparkCognition","4"
"2403","TX","Spectrum Brands","1"
"2404","TX","State Street","2"
"2405","TX","Sumo","1"
"2406","TX","T3","1"
"2407","TX","TEXAS DEPARTMENT OF PUBLIC SAFETY","1"
"2408","TX","TRC","1"
"2409","TX","TSYS","1"
"2410","TX","The Hershey Company","1"
"2411","TX","The Home Depot","4"
"2412","TX","Thermo Fisher Scientific","4"
"2413","TX","University of Texas at Austin","23"
"2414","TX","VMware","1"
"2415","TX","Valassis Digital","2"
"2416","TX","Valkyrie Intelligence","1"
"2417","TX","Visa","2"
"2418","TX","Walmart","1"
"2419","TX","Wholefoods","1"
"2420","TX","Wunderman","3"
"2421","TX","Zynga","1"
"2422","TX","eBay Inc.","1"
"2423","TX","fractalanalytics","1"
"2424","WA","2rbConsulting","2"
"2425","WA","A Place for Mom","2"
"2426","WA","AGC Biologics","2"
"2427","WA","Adobe","2"
"2428","WA","Affinity Talent Group","2"
"2429","WA","Algorithmia","1"
"2430","WA","All-In Analytics","3"
"2431","WA","Allen Frontiers Group","1"
"2432","WA","Allen Institute","3"
"2433","WA","Amazon.com","233"
"2434","WA","Amperity","1"
"2435","WA","Analytic Recruiting","1"
"2436","WA","Apex Life Sciences","1"
"2437","WA","Apple","6"
"2438","WA","Aptevo","2"
"2439","WA","ArcherDX, INC.","1"
"2440","WA","Arivale","1"
"2441","WA","Arth Systems","1"
"2442","WA","Arzeda","2"
"2443","WA","Astellas Pharmaceuticals","1"
"2444","WA","Axon","3"
"2445","WA","BGC Partners","1"
"2446","WA","BOEING","7"
"2447","WA","Belkin","1"
"2448","WA","Bizible","1"
"2449","WA","Blueocean Market Intelligence","2"
"2450","WA","BrainWorks","1"
"2451","WA","BrickRed Systems","2"
"2452","WA","Brillio","1"
"2453","WA","Burns & McDonnell","2"
"2454","WA","CBRE","1"
"2455","WA","CDK Global","18"
"2456","WA","CSI Interfusion","1"
"2457","WA","Capital One","1"
"2458","WA","Career Movement","1"
"2459","WA","Celgene Corporation","4"
"2460","WA","Center for Infectious Disease Research","1"
"2461","WA","ChefSteps","3"
"2462","WA","Clusterone","1"
"2463","WA","Conversica","1"
"2464","WA","Convoy","3"
"2465","WA","Coupang","5"
"2466","WA","Covance","1"
"2467","WA","Cray","1"
"2468","WA","CuraCloud Corporation","5"
"2469","WA","D.A. Davidson & Co.","1"
"2470","WA","DF/Net Research","1"
"2471","WA","DISNEY","1"
"2472","WA","Deloitte","1"
"2473","WA","Demandbase","2"
"2474","WA","Dendreon Corporation","1"
"2475","WA","Diverse Lynx","2"
"2476","WA","DocuSign","3"
"2477","WA","DomainTools","1"
"2478","WA","DoubleDown Interactive LLC","1"
"2479","WA","Drift","1"
"2480","WA","Dropbox","1"
"2481","WA","EarthDefine","1"
"2482","WA","Encore Information Systems Inc.","1"
"2483","WA","Enlearn","2"
"2484","WA","Expedia","1"
"2485","WA","ExtraHop Networks, Inc.","1"
"2486","WA","Facebook","34"
"2487","WA","Feedzai","1"
"2488","WA","Fred Hutchinson Cancer Research Center","70"
"2489","WA","General Assembly","1"
"2490","WA","General Electric","2"
"2491","WA","Getty Images","1"
"2492","WA","Gilead Sciences","3"
"2493","WA","Google","15"
"2494","WA","Grab Taxi","4"
"2495","WA","Gradient.io","2"
"2496","WA","Groupon","2"
"2497","WA","HCL Technologies","1"
"2498","WA","HDR","1"
"2499","WA","Harman Connected Services","1"
"2500","WA","Hart Crowser, Inc.","1"
"2501","WA","HelloWorld","1"
"2502","WA","Hiya","1"
"2503","WA","Hotwire","2"
"2504","WA","Howard Hughes Medical Institute","1"
"2505","WA","Hulu","1"
"2506","WA","Inabia Solutions and Consulting","2"
"2507","WA","Indeed","1"
"2508","WA","Infectious Disease Research Institute","1"
"2509","WA","Infox Consulting","2"
"2510","WA","Institute for Health Metrics and Evaluation - Faculty","1"
"2511","WA","Institute for Systems Biology","2"
"2512","WA","Integral Ad Science","1"
"2513","WA","J.D. Power","1"
"2514","WA","JBCConnect","1"
"2515","WA","JUUL Labs","1"
"2516","WA","Juno Therapeutics","9"
"2517","WA","Just Biotherapeutics","1"
"2518","WA","KPMG","13"
"2519","WA","Kaplan","1"
"2520","WA","King.com","1"
"2521","WA","Klein Hersh International","1"
"2522","WA","Kleinfelder, Inc.","2"
"2523","WA","Lab126","14"
"2524","WA","LabKey","1"
"2525","WA","LabKey Software","1"
"2526","WA","Leafly Holdings","1"
"2527","WA","LivePerson","1"
"2528","WA","LivePerson - Global Product & Technology","8"
"2529","WA","Logic20/20","5"
"2530","WA","Love and Company","1"
"2531","WA","Lyft","1"
"2532","WA","MMT","1"
"2533","WA","Marchex","1"
"2534","WA","Mathematica Policy Research","1"
"2535","WA","Mercedes-Benz Research & Development North America, Inc.","1"
"2536","WA","Meso Scale Diagnostics","1"
"2537","WA","MicroVision","1"
"2538","WA","Microsoft","112"
"2539","WA","Mighty AI","1"
"2540","WA","Mobiquity","2"
"2541","WA","NVIDIA","3"
"2542","WA","Nanostring Technologies","4"
"2543","WA","Neal Analytics","1"
"2544","WA","New Era Group, Inc","1"
"2545","WA","Nohla Therapeutics","4"
"2546","WA","Nordstrom","6"
"2547","WA","Northeastern University","1"
"2548","WA","Novo Nordisk","1"
"2549","WA","NuWest Healthcare","1"
"2550","WA","Nxt Level","1"
"2551","WA","Omeros Corporation","7"
"2552","WA","Oracle","1"
"2553","WA","Outreach","1"
"2554","WA","PATH","2"
"2555","WA","PRO Unlimited @ facebook","1"
"2556","WA","Pacific Northwest National Laboratory","1"
"2557","WA","PagerDuty","1"
"2558","WA","Penn Schoen Berland","2"
"2559","WA","PitchBook Data, Inc.","1"
"2560","WA","Pivotal Software","1"
"2561","WA","Porch","2"
"2562","WA","Posh Technologies","3"
"2563","WA","Probi USA, Inc.","1"
"2564","WA","Projectline","1"
"2565","WA","Providence Health & Services","1"
"2566","WA","Qualtrics","3"
"2567","WA","Quantcast","2"
"2568","WA","Quest Diagnostics","1"
"2569","WA","Redcley","1"
"2570","WA","Redfin","3"
"2571","WA","Redfish Technology - High Tech Executive Recruiters","2"
"2572","WA","Remitly","5"
"2573","WA","Resolution Bioscience","2"
"2574","WA","Rover","7"
"2575","WA","Russell Investments","3"
"2576","WA","Sabey Corporation","1"
"2577","WA","Schireson","1"
"2578","WA","Seattle Cancer Care Alliance","2"
"2579","WA","Seattle Childrenâs","6"
"2580","WA","Seattle Genetics, Inc.","1"
"2581","WA","Seiu Local 775","1"
"2582","WA","Sift Science","4"
"2583","WA","Sinclair Broadcast Group","1"
"2584","WA","Smith Hanley Associates","1"
"2585","WA","Socrata","1"
"2586","WA","SpaceCurve","1"
"2587","WA","Splunk","1"
"2588","WA","Starbucks","1"
"2589","WA","Stem Inc","1"
"2590","WA","Stratos Genomics","1"
"2591","WA","Stryker","1"
"2592","WA","Sun Life Financial","1"
"2593","WA","Suplari","1"
"2594","WA","Swedish Medical Center - Seattle, WA","1"
"2595","WA","Syneos Health Commercial Solutions","1"
"2596","WA","Synergis","1"
"2597","WA","TINYpulse","1"
"2598","WA","Tableau","5"
"2599","WA","Textio","5"
"2600","WA","The Boston Consulting Group","1"
"2601","WA","The Climate Corporation","13"
"2602","WA","ThoughtSpot","2"
"2603","WA","Trader Interactive","1"
"2604","WA","Trinamix Inc.","1"
"2605","WA","Trinity Global Consulting, LLC","1"
"2606","WA","Twitch","2"
"2607","WA","Tyemill","1"
"2608","WA","Uber","2"
"2609","WA","UiPath","1"
"2610","WA","UltraBio Technologies, Inc","1"
"2611","WA","University of Washington","39"
"2612","WA","Usermind","1"
"2613","WA","Versive","1"
"2614","WA","Vulcan Inc.","1"
"2615","WA","Washington State Patrol","1"
"2616","WA","Wood","1"
"2617","WA","Woodland Park Zoo","1"
"2618","WA","Wunderman","1"
"2619","WA","Zillow","10"
"2620","WA","Zillow Group","26"
"2621","WA","Zume Inc.","1"
"2622","WA","ePrize","1"
"2623","WA","lululemon athletica","1"
"2624","WA","zulily","7"
